product_name,product_qty,bkwt,length,width,height,days_until_departure,bkvol,rcsvol,diff,DMV_flag,product_type_arm,product_type_avi,product_type_dgr,product_type_gen,product_type_hum,product_type_per,product_type_val,product_type_vun
moveis_decoracao,3.0,150.0,35.0,25.0,2.0,2,1750.0,1750.0,0.0,0,0,0,0,0,0,1,0,0
beleza_saude,2.0,266.0,20.0,18.0,8.0,2,2880.0,2880.0,0.0,0,1,0,0,0,0,0,0,0
construcao_ferramentas_seguranca,3.0,200.0,17.0,17.0,7.0,2,2023.0,2023.0,0.0,0,0,0,0,0,0,1,0,0
beleza_saude,4.0,500.0,30.0,16.0,14.0,2,6720.0,6720.0,0.0,0,0,0,0,0,0,0,0,1
pet_shop,6.0,1400.0,20.0,22.0,16.0,2,7040.0,7040.0,0.0,0,0,0,0,0,1,0,0,0
fashion_calcados,4.0,750.0,22.0,33.0,12.0,1,8712.0,8712.0,0.0,0,0,0,0,0,0,0,0,1
moveis_decoracao,2.0,600.0,65.0,11.0,11.0,2,7865.0,8794.5,0.10569105691056911,0,0,0,0,0,1,0,0,0
agro_industria_e_comercio,1.0,1050.0,38.0,39.0,41.0,1,60762.0,60762.0,0.0,0,1,0,0,0,0,0,0,0
beleza_saude,2.0,543.0,30.0,16.0,12.0,1,5760.0,5760.0,0.0,0,0,1,0,0,0,0,0,0
utilidades_domesticas,1.0,900.0,50.0,50.0,5.0,2,12500.0,18388.0,0.32020883184685667,1,0,0,0,0,1,0,0,0
perfumaria,3.0,377.0,18.0,15.0,13.0,2,3510.0,3510.0,0.0,0,0,0,0,0,0,0,0,1
telefonia,4.0,200.0,17.0,16.0,13.0,3,3536.0,3536.0,0.0,0,0,0,0,0,1,0,0,0
esporte_lazer,1.0,300.0,20.0,15.0,10.0,1,3000.0,5500.0,0.45454545454545453,1,0,0,0,0,0,1,0,0
moveis_decoracao,1.0,400.0,16.0,20.0,30.0,3,9600.0,11970.666666666666,0.19803965248384936,0,0,0,0,0,1,0,0,0
telefonia,1.0,250.0,16.0,11.0,8.0,3,1408.0,1408.0,0.0,0,0,0,0,0,0,0,0,1
automotivo,1.0,1000.0,26.0,20.0,40.0,3,20800.0,20800.0,0.0,0,0,0,0,0,0,0,1,0
bebes,1.0,50.0,16.0,11.0,2.0,3,352.0,352.0,0.0,0,0,0,1,0,0,0,0,0
moveis_decoracao,2.0,3000.0,69.0,11.0,11.0,2,8349.0,8349.0,0.0,0,0,0,1,0,0,0,0,0
cama_mesa_banho,1.0,1450.0,45.0,15.0,10.0,3,6750.0,6750.0,0.0,0,0,1,0,0,0,0,0,0
eletronicos,1.0,1836.0,61.0,24.0,6.0,1,8784.0,8784.0,0.0,0,0,0,0,1,0,0,0,0
ferramentas_jardim,1.0,2700.0,16.0,25.0,30.0,3,12000.0,12000.0,0.0,0,1,0,0,0,0,0,0,0
eletrodomesticos_2,7.0,14350.0,41.0,31.0,55.0,1,69905.0,69905.0,0.0,0,0,0,0,0,0,0,0,1
papelaria,4.0,1500.0,60.0,29.0,20.0,2,34800.0,34800.0,0.0,0,0,0,0,0,0,0,0,1
esporte_lazer,4.0,5200.0,20.0,35.0,60.0,3,42000.0,42000.0,0.0,0,0,1,0,0,0,0,0,0
consoles_games,4.0,300.0,23.0,11.0,3.0,1,759.0,759.0,0.0,0,0,0,0,0,0,1,0,0
beleza_saude,1.0,600.0,26.0,18.0,6.0,1,2808.0,2808.0,0.0,0,0,0,0,0,0,0,0,1
beleza_saude,3.0,125.0,24.0,20.0,12.0,1,5760.0,5760.0,0.0,0,0,0,0,0,1,0,0,0
cool_stuff,1.0,50.0,40.0,50.0,30.0,3,60000.0,60000.0,0.0,0,0,0,0,1,0,0,0,0
pet_shop,1.0,500.0,25.0,20.0,15.0,3,7500.0,7500.0,0.0,0,0,0,0,0,1,0,0,0
esporte_lazer,1.0,4350.0,20.0,20.0,20.0,1,8000.0,8000.0,0.0,0,0,0,0,0,1,0,0,0
relogios_presentes,1.0,283.0,18.0,13.0,12.0,3,2808.0,2808.0,0.0,0,0,0,1,0,0,0,0,0
fashion_calcados,12.0,300.0,29.0,16.0,7.0,3,3248.0,3248.0,0.0,0,0,0,0,0,1,0,0,0
moveis_decoracao,2.0,400.0,16.0,16.0,28.0,1,7168.0,7168.0,0.0,0,0,0,0,0,0,1,0,0
utilidades_domesticas,1.0,1550.0,46.0,35.0,10.0,3,16100.0,16100.0,0.0,0,0,0,0,0,0,0,1,0
cama_mesa_banho,1.0,8850.0,16.0,16.0,10.0,1,2560.0,2560.0,0.0,0,1,0,0,0,0,0,0,0
automotivo,3.0,550.0,16.0,18.0,21.0,2,6048.0,6048.0,0.0,0,0,1,0,0,0,0,0,0
cama_mesa_banho,2.0,1000.0,30.0,24.0,7.0,1,5040.0,6270.0,0.19617224880382775,0,0,0,0,0,0,1,0,0
moveis_decoracao,2.0,500.0,80.0,60.0,10.0,1,48000.0,48000.0,0.0,0,0,1,0,0,0,0,0,0
cama_mesa_banho,1.0,350.0,16.0,16.0,10.0,3,2560.0,2560.0,0.0,0,1,0,0,0,0,0,0,0
beleza_saude,1.0,270.0,16.0,15.0,16.0,1,3840.0,3840.0,0.0,0,0,0,1,0,0,0,0,0
esporte_lazer,1.0,1150.0,16.0,12.0,12.0,2,2304.0,2304.0,0.0,0,1,0,0,0,0,0,0,0
cama_mesa_banho,2.0,1150.0,32.0,30.0,5.0,2,4800.0,4800.0,0.0,0,0,0,0,0,0,0,0,1
moveis_decoracao,1.0,250.0,20.0,11.0,6.0,3,1320.0,3597.0,0.6330275229357798,1,0,0,0,0,0,1,0,0
cama_mesa_banho,2.0,1750.0,45.0,40.0,20.0,2,36000.0,36000.0,0.0,0,0,1,0,0,0,0,0,0
beleza_saude,1.0,233.0,18.0,14.0,16.0,3,4032.0,4032.0,0.0,0,0,0,0,0,0,0,1,0
audio,1.0,675.0,22.0,16.0,9.0,2,3168.0,3168.0,0.0,0,0,0,0,0,0,0,0,1
utilidades_domesticas,1.0,13600.0,16.0,60.0,65.0,3,62400.0,62400.0,0.0,0,1,0,0,0,0,0,0,0
cama_mesa_banho,1.0,550.0,16.0,16.0,10.0,2,2560.0,9318.0,0.725262931959648,1,0,0,0,0,0,0,0,1
ferramentas_jardim,1.0,900.0,37.0,23.0,3.0,1,2553.0,4276.5,0.40301648544370394,1,1,0,0,0,0,0,0,0
cama_mesa_banho,2.0,1500.0,39.0,25.0,12.0,3,11700.0,11700.0,0.0,0,0,0,0,0,0,0,1,0
bebes,1.0,550.0,20.0,13.0,13.0,3,3380.0,3380.0,0.0,0,0,0,1,0,0,0,0,0
cama_mesa_banho,1.0,2700.0,45.0,35.0,13.0,3,20475.0,19237.5,0.06432748538011696,0,0,0,0,1,0,0,0,0
papelaria,2.0,300.0,23.0,15.0,7.0,3,2415.0,1887.5,0.27947019867549666,0,0,0,0,0,0,0,1,0
artigos_de_festas,1.0,200.0,16.0,11.0,6.0,3,1056.0,1056.0,0.0,0,0,0,0,0,0,0,0,1
informatica_acessorios,1.0,250.0,42.0,30.0,2.0,3,2520.0,2520.0,0.0,0,0,1,0,0,0,0,0,0
beleza_saude,6.0,150.0,28.0,12.0,13.0,1,4368.0,10104.0,0.5676959619952494,1,0,0,0,0,0,0,0,1
automotivo,3.0,200.0,24.0,17.0,2.0,2,816.0,816.0,0.0,0,0,0,0,1,0,0,0,0
malas_acessorios,3.0,17150.0,36.0,56.0,48.0,3,96768.0,96768.0,0.0,0,1,0,0,0,0,0,0,0
fashion_bolsas_e_acessorios,3.0,150.0,16.0,20.0,6.0,3,1920.0,1928.0,0.004149377593360996,0,0,0,0,0,0,0,0,1
ferramentas_jardim,1.0,1900.0,44.0,19.0,19.0,1,15884.0,15884.0,0.0,0,0,0,0,0,0,0,0,1
moveis_decoracao,4.0,2550.0,105.0,70.0,3.0,3,22050.0,26685.0,0.1736930860033727,0,0,0,0,0,0,0,0,1
telefonia,2.0,150.0,16.0,11.0,4.0,1,704.0,952.0,0.2605042016806723,0,1,0,0,0,0,0,0,0
livros_interesse_geral,3.0,1000.0,24.0,17.0,5.0,3,2040.0,2040.0,0.0,0,0,0,0,0,0,0,1,0
telefonia,6.0,100.0,17.0,12.0,4.0,2,816.0,1164.0,0.29896907216494845,0,0,0,0,1,0,0,0,0
moveis_decoracao,1.0,1800.0,40.0,30.0,10.0,2,12000.0,12550.0,0.043824701195219126,0,0,0,0,0,0,0,0,1
consoles_games,1.0,200.0,16.0,16.0,2.0,3,512.0,512.0,0.0,0,0,0,1,0,0,0,0,0
cama_mesa_banho,1.0,1100.0,40.0,30.0,10.0,2,12000.0,5706.666666666667,1.102803738317757,1,0,0,0,0,0,1,0,0
ferramentas_jardim,6.0,4000.0,30.0,24.0,21.0,2,15120.0,15120.0,0.0,0,0,0,0,0,0,0,0,1
esporte_lazer,3.0,1100.0,32.0,21.0,9.0,1,6048.0,6048.0,0.0,0,1,0,0,0,0,0,0,0
cool_stuff,2.0,500.0,19.0,25.0,17.0,2,8075.0,8075.0,0.0,0,1,0,0,0,0,0,0,0
construcao_ferramentas_construcao,1.0,2200.0,16.0,11.0,2.0,3,352.0,352.0,0.0,0,0,1,0,0,0,0,0,0
esporte_lazer,4.0,150.0,16.0,11.0,5.0,1,880.0,880.0,0.0,0,1,0,0,0,0,0,0,0
beleza_saude,1.0,650.0,16.0,11.0,40.0,1,7040.0,5795.0,0.21484037963761865,0,0,1,0,0,0,0,0,0
moveis_sala,1.0,5600.0,20.0,60.0,5.0,3,6000.0,6000.0,0.0,0,0,0,0,1,0,0,0,0
construcao_ferramentas_ferramentas,1.0,1250.0,22.0,20.0,17.0,1,7480.0,7480.0,0.0,0,0,0,0,0,0,0,1,0
perfumaria,2.0,267.0,17.0,17.0,13.0,1,3757.0,3757.0,0.0,0,0,0,0,0,0,1,0,0
relogios_presentes,4.0,200.0,16.0,11.0,2.0,1,352.0,352.0,0.0,0,0,0,0,0,0,0,0,1
informatica_acessorios,1.0,900.0,26.0,21.0,13.0,1,7098.0,7906.0,0.10220086010624842,0,1,0,0,0,0,0,0,0
esporte_lazer,1.0,875.0,40.0,20.0,26.0,3,20800.0,20800.0,0.0,0,0,0,0,0,0,0,1,0
relogios_presentes,2.0,250.0,20.0,20.0,12.0,2,4800.0,3368.0,0.4251781472684085,1,0,0,0,0,0,0,1,0
moveis_decoracao,1.0,200.0,27.0,12.0,10.0,1,3240.0,3240.0,0.0,0,1,0,0,0,0,0,0,0
brinquedos,1.0,350.0,21.0,16.0,9.0,2,3024.0,3024.0,0.0,0,0,0,0,0,0,0,1,0
automotivo,1.0,8500.0,18.0,13.0,29.0,3,6786.0,6786.0,0.0,0,0,0,0,0,1,0,0,0
cama_mesa_banho,2.0,10900.0,45.0,35.0,15.0,1,23625.0,23625.0,0.0,0,0,0,0,1,0,0,0,0
cama_mesa_banho,1.0,2100.0,40.0,29.0,6.0,2,6960.0,32100.0,0.7831775700934579,1,0,0,0,0,1,0,0,0
esporte_lazer,3.0,2320.0,63.0,17.0,33.0,3,35343.0,35343.0,0.0,0,0,0,0,0,0,0,0,1
brinquedos,1.0,300.0,16.0,11.0,17.0,2,2992.0,7148.0,0.5814213766088416,1,0,0,0,0,0,0,1,0
utilidades_domesticas,1.0,800.0,31.0,21.0,5.0,2,3255.0,4335.666666666667,0.24925040362881531,0,1,0,0,0,0,0,0,0
ferramentas_jardim,3.0,11450.0,23.0,35.0,43.0,3,34615.0,34615.0,0.0,0,0,0,0,0,0,1,0,0
ferramentas_jardim,1.0,509.0,17.0,13.0,13.0,1,2873.0,2873.0,0.0,0,0,0,0,0,0,0,0,1
automotivo,1.0,200.0,35.0,26.0,4.0,1,3640.0,3115.3333333333335,0.16841429488551246,0,0,0,0,0,0,0,1,0
cool_stuff,4.0,198.0,17.0,15.0,9.0,3,2295.0,2295.0,0.0,0,0,0,1,0,0,0,0,0
informatica_acessorios,3.0,400.0,16.0,16.0,4.0,2,1024.0,1024.0,0.0,0,0,0,0,0,0,0,1,0
moveis_escritorio,2.0,16100.0,63.0,24.0,61.0,3,92232.0,92232.0,0.0,0,0,0,0,0,0,0,0,1
automotivo,3.0,6700.0,70.0,22.0,25.0,3,38500.0,38500.0,0.0,0,1,0,0,0,0,0,0,0
bebes,4.0,600.0,70.0,11.0,11.0,3,8470.0,8470.0,0.0,0,0,1,0,0,0,0,0,0
cama_mesa_banho,1.0,550.0,30.0,25.0,5.0,3,3750.0,9318.0,0.5975531229877656,1,0,0,0,0,0,0,0,1
pet_shop,5.0,1150.0,40.0,30.0,20.0,3,24000.0,24000.0,0.0,0,0,0,0,0,0,1,0,0
cama_mesa_banho,2.0,1400.0,38.0,27.0,9.0,1,9234.0,19509.5,0.5266921243496758,1,0,0,0,0,1,0,0,0
moveis_escritorio,1.0,14900.0,58.0,58.0,28.0,2,94192.0,94192.0,0.0,0,0,0,0,0,1,0,0,0
bebidas,1.0,4300.0,16.0,11.0,15.0,1,2640.0,2640.0,0.0,0,0,0,0,1,0,0,0,0
utilidades_domesticas,1.0,1700.0,32.0,22.0,21.0,2,14784.0,14784.0,0.0,0,0,0,0,0,0,0,1,0
bebes,5.0,300.0,17.0,24.0,7.0,1,2856.0,2856.0,0.0,0,0,1,0,0,0,0,0,0
brinquedos,1.0,300.0,20.0,20.0,7.0,1,2800.0,7148.0,0.608282036933408,1,0,0,0,0,0,0,1,0
utilidades_domesticas,1.0,2150.0,21.0,71.0,4.0,3,5964.0,5964.0,0.0,0,0,1,0,0,0,0,0,0
brinquedos,2.0,7400.0,45.0,53.0,29.0,1,69165.0,69165.0,0.0,0,0,0,0,1,0,0,0,0
beleza_saude,4.0,490.0,30.0,25.0,5.0,1,3750.0,3750.0,0.0,0,1,0,0,0,0,0,0,0
moveis_decoracao,1.0,1800.0,45.0,35.0,14.0,3,22050.0,12550.0,0.7569721115537849,1,0,0,0,0,0,0,0,1
bebes,1.0,17600.0,65.0,45.0,36.0,1,105300.0,105300.0,0.0,0,0,0,0,0,0,0,0,1
cama_mesa_banho,1.0,1900.0,16.0,11.0,2.0,3,352.0,352.0,0.0,0,0,0,0,0,0,0,1,0
brinquedos,1.0,7175.0,50.0,40.0,22.0,1,44000.0,44000.0,0.0,0,0,0,0,0,0,0,0,1
esporte_lazer,2.0,400.0,38.0,26.0,26.0,3,25688.0,15734.0,0.6326426846320071,1,0,0,0,0,0,0,0,1
esporte_lazer,1.0,3700.0,30.0,20.0,20.0,1,12000.0,12000.0,0.0,0,0,1,0,0,0,0,0,0
esporte_lazer,1.0,3775.0,18.0,16.0,13.0,1,3744.0,3744.0,0.0,0,0,0,0,0,0,0,0,1
casa_conforto,1.0,700.0,18.0,18.0,12.0,2,3888.0,3888.0,0.0,0,0,1,0,0,0,0,0,0
consoles_games,5.0,900.0,22.0,18.0,7.0,3,2772.0,2772.0,0.0,0,0,0,1,0,0,0,0,0
utilidades_domesticas,7.0,8400.0,50.0,31.0,28.0,1,43400.0,43400.0,0.0,0,1,0,0,0,0,0,0,0
fashion_bolsas_e_acessorios,1.0,100.0,16.0,16.0,5.0,3,1280.0,834.6666666666666,0.5335463258785943,1,0,0,0,0,0,0,1,0
brinquedos,3.0,2550.0,22.0,38.0,32.0,3,26752.0,26752.0,0.0,0,0,0,0,0,1,0,0,0
esporte_lazer,2.0,1550.0,35.0,40.0,30.0,1,42000.0,42000.0,0.0,0,0,0,0,0,0,0,1,0
casa_construcao,1.0,10100.0,30.0,30.0,61.0,3,54900.0,54900.0,0.0,0,0,0,0,0,0,0,0,1
beleza_saude,3.0,200.0,16.0,16.0,16.0,3,4096.0,4096.0,0.0,0,1,0,0,0,0,0,0,0
informatica_acessorios,2.0,200.0,39.0,30.0,2.0,1,2340.0,1690.0,0.38461538461538464,1,0,0,0,0,0,0,0,1
fashion_bolsas_e_acessorios,3.0,200.0,16.0,11.0,2.0,3,352.0,352.0,0.0,0,1,0,0,0,0,0,0,0
moveis_decoracao,1.0,6267.0,36.0,36.0,40.0,1,51840.0,51840.0,0.0,0,1,0,0,0,0,0,0,0
beleza_saude,1.0,250.0,16.0,20.0,2.0,2,640.0,1850.6666666666667,0.654178674351585,1,0,1,0,0,0,0,0,0
automotivo,3.0,800.0,21.0,14.0,8.0,2,2352.0,2352.0,0.0,0,0,0,1,0,0,0,0,0
esporte_lazer,1.0,150.0,16.0,11.0,6.0,2,1056.0,1878.6666666666667,0.4378992193044713,1,0,0,0,1,0,0,0,0
esporte_lazer,5.0,250.0,20.0,20.0,20.0,3,8000.0,8000.0,0.0,0,0,0,0,0,0,0,0,1
cama_mesa_banho,1.0,1400.0,25.0,25.0,10.0,3,6250.0,6250.0,0.0,0,0,0,0,0,0,1,0,0
esporte_lazer,2.0,400.0,20.0,17.0,17.0,1,5780.0,15734.0,0.6326426846320071,1,0,0,0,0,0,0,0,1
utilidades_domesticas,1.0,300.0,35.0,15.0,4.0,2,2100.0,2370.0,0.11392405063291139,0,0,0,0,0,0,0,1,0
automotivo,4.0,1475.0,32.0,28.0,28.0,1,25088.0,25088.0,0.0,0,0,0,0,0,0,1,0,0
beleza_saude,1.0,1413.0,40.0,31.0,16.0,2,19840.0,19840.0,0.0,0,0,0,0,0,0,0,0,1
cama_mesa_banho,1.0,650.0,27.0,22.0,10.0,3,5940.0,4250.0,0.3976470588235294,1,0,0,0,0,0,0,0,1
utilidades_domesticas,1.0,850.0,18.0,15.0,21.0,2,5670.0,5670.0,0.0,0,0,0,0,0,0,0,0,1
esporte_lazer,5.0,200.0,16.0,11.0,11.0,2,1936.0,1936.0,0.0,0,0,0,1,0,0,0,0,0
cama_mesa_banho,1.0,550.0,23.0,23.0,15.0,1,7935.0,9318.0,0.14842240824211203,0,0,0,0,0,0,0,0,1
beleza_saude,1.0,100.0,16.0,11.0,8.0,3,1408.0,880.0,0.6,1,0,0,0,0,0,0,1,0
cama_mesa_banho,2.0,1100.0,16.0,16.0,10.0,2,2560.0,6792.5,0.6231137283768863,1,0,1,0,0,0,0,0,0
fashion_bolsas_e_acessorios,2.0,13600.0,26.0,40.0,60.0,3,62400.0,62400.0,0.0,0,1,0,0,0,0,0,0,0
moveis_escritorio,1.0,8950.0,52.0,17.0,51.0,1,45084.0,45084.0,0.0,0,0,0,0,0,1,0,0,0
eletroportateis,1.0,650.0,16.0,16.0,10.0,1,2560.0,2560.0,0.0,0,0,1,0,0,0,0,0,0
bebidas,1.0,200.0,20.0,14.0,9.0,1,2520.0,2520.0,0.0,0,0,0,0,0,0,1,0,0
instrumentos_musicais,1.0,400.0,19.0,19.0,11.0,2,3971.0,3971.0,0.0,0,0,0,0,1,0,0,0,0
cama_mesa_banho,1.0,2650.0,33.0,33.0,10.0,1,10890.0,10890.0,0.0,0,0,0,0,0,0,0,1,0
papelaria,7.0,800.0,22.0,15.0,7.0,2,2310.0,2310.0,0.0,0,0,0,0,0,1,0,0,0
cama_mesa_banho,1.0,700.0,49.0,50.0,4.0,1,9800.0,9800.0,0.0,0,0,0,0,0,0,0,1,0
beleza_saude,2.0,150.0,32.0,20.0,20.0,3,12800.0,5477.333333333333,1.3369036027263876,1,0,1,0,0,0,0,0,0
malas_acessorios,4.0,1600.0,55.0,30.0,37.0,3,61050.0,61050.0,0.0,0,0,0,0,0,0,1,0,0
beleza_saude,1.0,700.0,16.0,11.0,40.0,1,7040.0,4914.0,0.4326414326414326,1,0,0,0,0,0,0,1,0
beleza_saude,1.0,150.0,20.0,20.0,10.0,1,4000.0,2023.0,0.9772614928324271,1,0,0,1,0,0,0,0,0
informatica_acessorios,3.0,424.0,25.0,19.0,10.0,3,4750.0,4750.0,0.0,0,0,0,0,0,1,0,0,0
esporte_lazer,1.0,800.0,16.0,11.0,2.0,3,352.0,6426.0,0.9452225334578276,1,0,0,0,1,0,0,0,0
moveis_decoracao,1.0,2900.0,40.0,35.0,10.0,2,14000.0,14000.0,0.0,0,0,0,0,0,0,0,1,0
utilidades_domesticas,1.0,800.0,39.0,28.0,6.0,2,6552.0,4335.666666666667,0.5111862843084491,1,1,0,0,0,0,0,0,0
beleza_saude,1.0,150.0,22.0,15.0,3.0,1,990.0,2023.0,0.5106277805239743,1,0,0,1,0,0,0,0,0
moveis_decoracao,2.0,800.0,53.0,20.0,8.0,3,8480.0,6976.0,0.21559633027522937,0,0,0,0,0,0,1,0,0
telefonia,2.0,600.0,23.0,20.0,18.0,3,8280.0,8280.0,0.0,0,0,1,0,0,0,0,0,0
cama_mesa_banho,1.0,75.0,17.0,17.0,12.0,1,3468.0,3468.0,0.0,0,0,0,0,0,0,1,0,0
cama_mesa_banho,4.0,450.0,45.0,35.0,15.0,3,23625.0,23625.0,0.0,0,0,1,0,0,0,0,0,0
fashion_bolsas_e_acessorios,1.0,200.0,16.0,20.0,2.0,2,640.0,409.6,0.5624999999999999,1,0,0,0,1,0,0,0,0
cool_stuff,1.0,1650.0,33.0,19.0,44.0,2,27588.0,27588.0,0.0,0,0,0,0,0,1,0,0,0
perfumaria,1.0,455.0,21.0,17.0,15.0,3,5355.0,5355.0,0.0,0,0,0,0,0,0,0,0,1
automotivo,1.0,2800.0,95.0,33.0,7.0,1,21945.0,11148.5,0.9684262456832757,1,0,0,0,0,0,0,0,1
relogios_presentes,1.0,317.0,19.0,16.0,13.0,1,3952.0,3952.0,0.0,0,0,0,1,0,0,0,0,0
esporte_lazer,1.0,154.0,17.0,13.0,10.0,2,2210.0,2320.0,0.04741379310344827,0,0,0,0,0,1,0,0,0
utilidades_domesticas,3.0,14850.0,35.0,35.0,102.0,1,124950.0,124950.0,0.0,0,0,0,0,0,1,0,0,0
instrumentos_musicais,1.0,200.0,38.0,11.0,5.0,1,2090.0,2090.0,0.0,0,0,0,1,0,0,0,0,0
relogios_presentes,3.0,850.0,48.0,25.0,16.0,1,19200.0,19200.0,0.0,0,0,0,0,1,0,0,0,0
utilidades_domesticas,5.0,5250.0,35.0,35.0,15.0,2,18375.0,18375.0,0.0,0,0,0,0,0,0,1,0,0
beleza_saude,1.0,2550.0,20.0,25.0,40.0,1,20000.0,20000.0,0.0,0,0,0,0,0,0,0,1,0
utilidades_domesticas,2.0,9900.0,61.0,31.0,31.0,1,58621.0,58621.0,0.0,0,1,0,0,0,0,0,0,0
papelaria,10.0,3600.0,36.0,15.0,8.0,2,4320.0,4320.0,0.0,0,0,0,0,0,0,1,0,0
alimentos_bebidas,3.0,2950.0,17.0,17.0,22.0,3,6358.0,6358.0,0.0,0,0,0,0,0,0,0,1,0
instrumentos_musicais,3.0,16200.0,55.0,40.0,40.0,2,88000.0,88000.0,0.0,0,0,0,0,0,0,0,0,1
beleza_saude,1.0,625.0,16.0,15.0,14.0,1,3360.0,3360.0,0.0,0,0,1,0,0,0,0,0,0
moveis_decoracao,2.0,2200.0,20.0,20.0,20.0,1,8000.0,8000.0,0.0,0,0,0,0,0,0,1,0,0
ferramentas_jardim,4.0,600.0,19.0,14.0,7.0,1,1862.0,1862.0,0.0,0,0,1,0,0,0,0,0,0
utilidades_domesticas,2.0,500.0,19.0,20.0,13.0,1,4940.0,5286.0,0.06545592130155127,0,0,0,0,0,0,1,0,0
brinquedos,4.0,450.0,20.0,30.0,31.0,2,18600.0,18600.0,0.0,0,0,0,1,0,0,0,0,0
eletrodomesticos,1.0,1250.0,22.0,20.0,11.0,1,4840.0,4840.0,0.0,0,0,0,0,0,1,0,0,0
papelaria,1.0,1000.0,26.0,33.0,8.0,1,6864.0,6864.0,0.0,0,0,0,1,0,0,0,0,0
moveis_decoracao,3.0,2300.0,105.0,70.0,3.0,3,22050.0,22050.0,0.0,0,0,0,0,0,1,0,0,0
construcao_ferramentas_construcao,6.0,1250.0,30.0,20.0,10.0,2,6000.0,6000.0,0.0,0,0,1,0,0,0,0,0,0
moveis_decoracao,2.0,3000.0,69.0,11.0,11.0,3,8349.0,8349.0,0.0,0,0,0,1,0,0,0,0,0
cama_mesa_banho,1.0,3850.0,20.0,30.0,30.0,1,18000.0,18000.0,0.0,0,1,0,0,0,0,0,0,0
cool_stuff,1.0,400.0,24.0,14.0,16.0,1,5376.0,5376.0,0.0,0,0,0,0,0,0,0,1,0
utilidades_domesticas,1.0,1200.0,36.0,23.0,12.0,2,9936.0,9736.666666666666,0.020472440944881952,0,0,0,1,0,0,0,0,0
automotivo,1.0,200.0,18.0,13.0,9.0,2,2106.0,3115.3333333333335,0.32398887224481066,1,0,0,0,0,0,0,1,0
cama_mesa_banho,1.0,3600.0,40.0,40.0,20.0,2,32000.0,32000.0,0.0,0,0,0,0,0,1,0,0,0
cama_mesa_banho,2.0,1100.0,35.0,35.0,9.0,2,11025.0,6792.5,0.6231137283768863,1,0,1,0,0,0,0,0,0
utilidades_domesticas,2.0,250.0,20.0,16.0,5.0,2,1600.0,6134.25,0.7391694176142153,1,0,0,0,0,1,0,0,0
eletrodomesticos,1.0,400.0,27.0,17.0,13.0,1,5967.0,5967.0,0.0,0,0,0,0,1,0,0,0,0
utilidades_domesticas,1.0,200.0,30.0,30.0,40.0,3,36000.0,36000.0,0.0,0,0,0,1,0,0,0,0,0
brinquedos,5.0,1000.0,30.0,30.0,13.0,3,11700.0,11700.0,0.0,0,0,0,0,1,0,0,0,0
malas_acessorios,4.0,1100.0,39.0,28.0,12.0,1,13104.0,13104.0,0.0,0,0,0,1,0,0,0,0,0
moveis_decoracao,1.0,300.0,35.0,25.0,10.0,1,8750.0,9980.0,0.12324649298597194,0,0,0,0,0,0,1,0,0
cama_mesa_banho,1.0,500.0,16.0,16.0,10.0,1,2560.0,2560.0,0.0,0,0,0,0,1,0,0,0,0
relogios_presentes,3.0,200.0,16.0,11.0,2.0,2,352.0,352.0,0.0,0,1,0,0,0,0,0,0,0
cool_stuff,3.0,1200.0,44.0,20.0,20.0,2,17600.0,17600.0,0.0,0,0,0,1,0,0,0,0,0
moveis_decoracao,3.0,350.0,68.0,13.0,8.0,2,7072.0,7072.0,0.0,0,0,0,0,0,0,0,0,1
telefonia,3.0,250.0,17.0,12.0,4.0,1,816.0,816.0,0.0,0,0,0,0,1,0,0,0,0
utilidades_domesticas,3.0,530.0,17.0,20.0,20.0,2,6800.0,6800.0,0.0,0,0,0,0,0,0,0,1,0
cama_mesa_banho,1.0,250.0,32.0,23.0,3.0,2,2208.0,1404.0,0.5726495726495726,1,0,0,0,0,1,0,0,0
automotivo,1.0,3300.0,35.0,20.0,20.0,1,14000.0,14000.0,0.0,0,1,0,0,0,0,0,0,0
cama_mesa_banho,1.0,6400.0,30.0,30.0,30.0,3,27000.0,27000.0,0.0,0,0,0,0,0,0,1,0,0
relogios_presentes,4.0,450.0,16.0,12.0,11.0,1,2112.0,2112.0,0.0,0,0,0,1,0,0,0,0,0
brinquedos,2.0,1250.0,29.0,22.0,19.0,1,12122.0,12122.0,0.0,0,0,0,0,0,1,0,0,0
malas_acessorios,3.0,10700.0,40.0,16.0,100.0,1,64000.0,64000.0,0.0,0,0,0,0,0,1,0,0,0
informatica_acessorios,1.0,150.0,35.0,11.0,8.0,3,3080.0,3080.0,0.0,0,0,0,0,1,0,0,0,0
esporte_lazer,2.0,250.0,16.0,16.0,10.0,1,2560.0,2560.0,0.0,0,0,1,0,0,0,0,0,0
brinquedos,1.0,1400.0,60.0,16.0,30.0,3,28800.0,28800.0,0.0,0,0,0,0,0,0,0,0,1
brinquedos,1.0,300.0,20.0,20.0,20.0,1,8000.0,7148.0,0.11919418019026301,0,0,0,0,0,0,0,1,0
bebes,3.0,6950.0,85.0,50.0,11.0,3,46750.0,46750.0,0.0,0,0,0,1,0,0,0,0,0
automotivo,3.0,500.0,16.0,17.0,12.0,3,3264.0,4656.0,0.29896907216494845,0,0,0,0,0,0,0,1,0
relogios_presentes,2.0,400.0,16.0,20.0,11.0,3,3520.0,3520.0,0.0,0,0,0,0,1,0,0,0,0
automotivo,6.0,5250.0,47.0,23.0,19.0,3,20539.0,20539.0,0.0,0,0,0,0,0,0,0,0,1
automotivo,1.0,27100.0,50.0,50.0,50.0,1,125000.0,125000.0,0.0,0,0,0,0,0,0,1,0,0
consoles_games,1.0,100.0,16.0,11.0,3.0,2,528.0,528.0,0.0,0,0,0,0,1,0,0,0,0
telefonia,4.0,75.0,19.0,11.0,3.0,1,627.0,627.0,0.0,0,1,0,0,0,0,0,0,0
brinquedos,2.0,250.0,16.0,15.0,15.0,1,3600.0,3600.0,0.0,0,0,0,1,0,0,0,0,0
telefonia,1.0,100.0,16.0,11.0,3.0,2,528.0,858.0,0.38461538461538464,1,1,0,0,0,0,0,0,0
fashion_bolsas_e_acessorios,7.0,200.0,16.0,11.0,2.0,3,352.0,352.0,0.0,0,0,0,0,0,0,0,0,1
brinquedos,1.0,1200.0,30.0,20.0,16.0,1,9600.0,9600.0,0.0,0,0,0,1,0,0,0,0,0
esporte_lazer,2.0,1100.0,24.0,15.0,16.0,2,5760.0,5760.0,0.0,0,1,0,0,0,0,0,0,0
brinquedos,6.0,200.0,17.0,12.0,7.0,3,1428.0,1428.0,0.0,0,0,0,0,1,0,0,0,0
beleza_saude,1.0,888.0,18.0,18.0,17.0,2,5508.0,5508.0,0.0,0,0,0,0,0,0,1,0,0
utilidades_domesticas,1.0,150.0,32.0,16.0,5.0,3,2560.0,4608.0,0.4444444444444444,1,0,0,0,0,1,0,0,0
ferramentas_jardim,2.0,5903.0,38.0,33.0,31.0,2,38874.0,38874.0,0.0,0,0,0,0,0,0,1,0,0
moveis_decoracao,1.0,850.0,69.0,11.0,11.0,3,8349.0,8349.0,0.0,0,0,1,0,0,0,0,0,0
utilidades_domesticas,1.0,975.0,31.0,21.0,12.0,2,7812.0,7812.0,0.0,0,0,0,0,0,0,0,0,1
moveis_decoracao,2.0,1050.0,100.0,15.0,7.0,3,10500.0,10500.0,0.0,0,0,0,0,0,0,1,0,0
esporte_lazer,1.0,100.0,25.0,20.0,20.0,3,10000.0,5528.0,0.808972503617945,1,1,0,0,0,0,0,0,0
automotivo,1.0,200.0,16.0,15.0,15.0,3,3600.0,3115.3333333333335,0.15557457735929803,0,0,0,0,0,0,0,1,0
eletronicos,1.0,200.0,20.0,20.0,20.0,1,8000.0,5029.0,0.5907735136209982,1,1,0,0,0,0,0,0,0
moveis_decoracao,1.0,2200.0,34.0,22.0,8.0,3,5984.0,5984.0,0.0,0,0,0,0,0,0,1,0,0
esporte_lazer,2.0,950.0,60.0,15.0,15.0,2,13500.0,13500.0,0.0,0,0,1,0,0,0,0,0,0
moveis_decoracao,2.0,2050.0,30.0,18.0,22.0,3,11880.0,18998.5,0.3746874753269995,1,0,0,0,0,0,0,1,0
cool_stuff,1.0,1800.0,42.0,15.0,25.0,3,15750.0,15750.0,0.0,0,0,0,0,0,0,1,0,0
ferramentas_jardim,1.0,200.0,16.0,11.0,3.0,1,528.0,528.0,0.0,0,0,1,0,0,0,0,0,0
pet_shop,1.0,1900.0,50.0,70.0,13.0,2,45500.0,45500.0,0.0,0,0,0,0,0,1,0,0,0
beleza_saude,1.0,2700.0,21.0,31.0,16.0,1,10416.0,10416.0,0.0,0,0,0,0,0,0,0,0,1
esporte_lazer,3.0,400.0,45.0,43.0,22.0,1,42570.0,42570.0,0.0,0,1,0,0,0,0,0,0,0
esporte_lazer,2.0,2000.0,20.0,30.0,40.0,1,24000.0,24000.0,0.0,0,0,0,0,0,0,0,1,0
brinquedos,1.0,400.0,20.0,20.0,20.0,2,8000.0,7525.0,0.06312292358803986,0,0,0,0,1,0,0,0,0
malas_acessorios,1.0,2240.0,76.0,14.0,10.0,1,10640.0,10640.0,0.0,0,0,1,0,0,0,0,0,0
cama_mesa_banho,1.0,6200.0,35.0,25.0,15.0,3,13125.0,13125.0,0.0,0,0,0,0,0,0,1,0,0
brinquedos,1.0,675.0,22.0,21.0,24.0,3,11088.0,11088.0,0.0,0,0,0,0,0,0,0,1,0
fashion_calcados,2.0,2000.0,32.0,37.0,12.0,1,14208.0,14208.0,0.0,0,0,0,0,0,0,1,0,0
cama_mesa_banho,2.0,1700.0,34.0,34.0,10.0,3,11560.0,11560.0,0.0,0,0,0,0,0,0,0,0,1
cool_stuff,2.0,18600.0,38.0,38.0,74.0,3,106856.0,106856.0,0.0,0,0,0,0,0,1,0,0,0
informatica_acessorios,3.0,225.0,17.0,20.0,5.0,3,1700.0,1700.0,0.0,0,0,1,0,0,0,0,0,0
utilidades_domesticas,1.0,470.0,21.0,21.0,23.0,2,10143.0,10143.0,0.0,0,0,0,0,1,0,0,0,0
bebes,2.0,500.0,30.0,23.0,6.0,1,4140.0,6270.0,0.3397129186602871,1,0,1,0,0,0,0,0,0
fashion_calcados,5.0,4000.0,57.0,36.0,14.0,1,28728.0,28728.0,0.0,0,0,0,1,0,0,0,0,0
cool_stuff,7.0,1150.0,28.0,25.0,10.0,1,7000.0,7000.0,0.0,0,0,0,1,0,0,0,0,0
utilidades_domesticas,2.0,750.0,34.0,24.0,14.0,3,11424.0,11424.0,0.0,0,1,0,0,0,0,0,0,0
ferramentas_jardim,1.0,250.0,17.0,11.0,3.0,2,561.0,561.0,0.0,0,0,0,0,1,0,0,0,0
informatica_acessorios,2.0,150.0,16.0,15.0,5.0,1,1200.0,1200.0,0.0,0,0,0,0,0,1,0,0,0
informatica_acessorios,1.0,775.0,21.0,26.0,18.0,1,9828.0,9828.0,0.0,0,0,0,0,0,0,0,0,1
eletrodomesticos,1.0,150.0,27.0,17.0,13.0,3,5967.0,3913.0,0.5249169435215947,1,1,0,0,0,0,0,0,0
utilidades_domesticas,3.0,10900.0,71.0,45.0,25.0,2,79875.0,79875.0,0.0,0,1,0,0,0,0,0,0,0
construcao_ferramentas_jardim,5.0,5650.0,40.0,50.0,16.0,2,32000.0,32000.0,0.0,0,1,0,0,0,0,0,0,0
cama_mesa_banho,1.0,250.0,20.0,15.0,2.0,3,600.0,1404.0,0.5726495726495726,1,0,0,0,0,1,0,0,0
cool_stuff,3.0,800.0,42.0,15.0,25.0,3,15750.0,15750.0,0.0,0,0,0,0,0,0,0,1,0
telefonia,1.0,125.0,17.0,14.0,10.0,2,2380.0,2380.0,0.0,0,1,0,0,0,0,0,0,0
brinquedos,2.0,350.0,19.0,17.0,22.0,3,7106.0,7106.0,0.0,0,0,0,1,0,0,0,0,0
beleza_saude,1.0,150.0,16.0,11.0,12.0,2,2112.0,2023.0,0.0439940682155215,0,0,0,1,0,0,0,0,0
informatica_acessorios,1.0,667.0,27.0,20.0,19.0,2,10260.0,10260.0,0.0,0,0,1,0,0,0,0,0,0
fashion_underwear_e_moda_praia,1.0,250.0,36.0,20.0,4.0,2,2880.0,2880.0,0.0,0,0,0,0,1,0,0,0,0
livros_tecnicos,1.0,1100.0,29.0,21.0,3.0,3,1827.0,1827.0,0.0,0,0,0,1,0,0,0,0,0
automotivo,5.0,4200.0,78.0,47.0,4.0,1,14664.0,14664.0,0.0,0,0,0,0,1,0,0,0,0
automotivo,1.0,6800.0,45.0,45.0,20.0,3,40500.0,40500.0,0.0,0,0,0,0,0,0,0,1,0
beleza_saude,1.0,650.0,25.0,14.0,13.0,1,4550.0,5795.0,0.21484037963761865,0,0,1,0,0,0,0,0,0
telefonia,3.0,200.0,19.0,12.0,3.0,1,684.0,760.0,0.1,0,0,0,1,0,0,0,0,0
brinquedos,1.0,3050.0,40.0,40.0,10.0,1,16000.0,16000.0,0.0,0,0,0,0,0,1,0,0,0
ferramentas_jardim,3.0,1400.0,20.0,30.0,20.0,3,12000.0,12000.0,0.0,0,0,0,0,1,0,0,0,0
automotivo,2.0,100.0,16.0,16.0,5.0,1,1280.0,1280.0,0.0,0,0,0,0,0,1,0,0,0
beleza_saude,1.0,250.0,16.0,14.0,11.0,1,2464.0,1850.6666666666667,0.3314121037463976,1,0,1,0,0,0,0,0,0
esporte_lazer,2.0,150.0,16.0,16.0,18.0,1,4608.0,4608.0,0.0,0,1,0,0,0,0,0,0,0
perfumaria,1.0,100.0,20.0,20.0,20.0,3,8000.0,8000.0,0.0,0,0,1,0,0,0,0,0,0
moveis_decoracao,3.0,7000.0,25.0,25.0,25.0,3,15625.0,15625.0,0.0,0,0,0,0,0,0,0,0,1
beleza_saude,2.0,1450.0,38.0,24.0,31.0,2,28272.0,28272.0,0.0,0,0,1,0,0,0,0,0,0
beleza_saude,1.0,300.0,19.0,13.0,12.0,1,2964.0,3287.0,0.09826589595375723,0,1,0,0,0,0,0,0,0
esporte_lazer,1.0,2653.0,53.0,36.0,15.0,1,28620.0,28620.0,0.0,0,0,0,0,0,0,0,1,0
informatica_acessorios,1.0,600.0,46.0,15.0,3.0,3,2070.0,2070.0,0.0,0,0,0,0,1,0,0,0,0
cool_stuff,3.0,1000.0,35.0,16.0,28.0,2,15680.0,15680.0,0.0,0,0,0,0,0,0,1,0,0
perfumaria,1.0,150.0,22.0,16.0,7.0,3,2464.0,3152.0,0.2182741116751269,0,0,1,0,0,0,0,0,0
relogios_presentes,2.0,335.0,17.0,12.0,11.0,1,2244.0,2244.0,0.0,0,1,0,0,0,0,0,0,0
cama_mesa_banho,1.0,1200.0,40.0,37.0,10.0,1,14800.0,6095.5,1.4280206709867935,1,0,0,1,0,0,0,0,0
instrumentos_musicais,3.0,3350.0,30.0,30.0,30.0,1,27000.0,27000.0,0.0,0,0,0,0,0,0,0,1,0
brinquedos,1.0,200.0,18.0,16.0,13.0,2,3744.0,2752.0,0.36046511627906974,1,0,1,0,0,0,0,0,0
telefonia,2.0,125.0,19.0,11.0,3.0,1,627.0,627.0,0.0,0,0,0,0,0,0,1,0,0
automotivo,3.0,1700.0,34.0,16.0,18.0,3,9792.0,9792.0,0.0,0,0,0,0,0,0,0,0,1
instrumentos_musicais,1.0,1000.0,56.0,22.0,9.0,1,11088.0,11088.0,0.0,0,0,0,1,0,0,0,0,0
moveis_decoracao,1.0,303.0,14.0,28.0,14.0,3,5488.0,5488.0,0.0,0,0,0,0,0,0,1,0,0
esporte_lazer,4.0,600.0,35.0,30.0,15.0,3,15750.0,15750.0,0.0,0,0,0,0,0,1,0,0,0
utilidades_domesticas,2.0,9500.0,42.0,25.0,54.0,3,56700.0,56700.0,0.0,0,0,0,0,0,0,0,0,1
automotivo,1.0,4000.0,65.0,25.0,25.0,3,40625.0,40625.0,0.0,0,0,0,0,1,0,0,0,0
telefonia,1.0,103.0,21.0,14.0,6.0,3,1764.0,1764.0,0.0,0,0,1,0,0,0,0,0,0
utilidades_domesticas,4.0,4100.0,51.0,31.0,31.0,1,49011.0,49011.0,0.0,0,0,0,1,0,0,0,0,0
industria_comercio_e_negocios,1.0,1200.0,30.0,30.0,20.0,1,18000.0,18000.0,0.0,0,0,0,0,0,0,1,0,0
cool_stuff,1.0,150.0,16.0,12.0,7.0,2,1344.0,1344.0,0.0,0,0,0,0,0,0,0,1,0
esporte_lazer,6.0,700.0,49.0,27.0,12.0,2,15876.0,15876.0,0.0,0,1,0,0,0,0,0,0,0
instrumentos_musicais,3.0,200.0,16.0,20.0,12.0,3,3840.0,3840.0,0.0,0,0,0,0,0,0,0,0,1
perfumaria,1.0,350.0,16.0,11.0,11.0,2,1936.0,1936.0,0.0,0,0,1,0,0,0,0,0,0
ferramentas_jardim,1.0,3850.0,29.0,24.0,12.0,3,8352.0,8352.0,0.0,0,0,0,0,0,0,0,1,0
utilidades_domesticas,1.0,150.0,26.0,16.0,16.0,3,6656.0,4608.0,0.4444444444444444,1,0,0,0,0,1,0,0,0
fashion_bolsas_e_acessorios,1.0,200.0,16.0,11.0,2.0,2,352.0,409.6,0.14062500000000006,0,0,0,0,1,0,0,0,0
ferramentas_jardim,1.0,425.0,31.0,12.0,6.0,3,2232.0,2232.0,0.0,0,0,0,0,1,0,0,0,0
informatica_acessorios,2.0,300.0,25.0,18.0,8.0,1,3600.0,3060.0,0.17647058823529413,0,0,0,0,1,0,0,0,0
papelaria,2.0,200.0,24.0,14.0,7.0,2,2352.0,2373.0,0.008849557522123894,0,0,1,0,0,0,0,0,0
esporte_lazer,1.0,154.0,18.0,15.0,9.0,3,2430.0,2320.0,0.04741379310344827,0,0,0,0,0,1,0,0,0
papelaria,3.0,1400.0,38.0,39.0,40.0,1,59280.0,59280.0,0.0,0,0,0,0,1,0,0,0,0
beleza_saude,1.0,975.0,19.0,15.0,12.0,1,3420.0,3420.0,0.0,0,0,1,0,0,0,0,0,0
climatizacao,5.0,1300.0,30.0,30.0,10.0,1,9000.0,9000.0,0.0,0,0,0,0,1,0,0,0,0
brinquedos,1.0,300.0,37.0,20.0,20.0,1,14800.0,7148.0,1.0705092333519866,1,0,0,0,0,0,0,1,0
construcao_ferramentas_jardim,1.0,65.0,17.0,17.0,12.0,2,3468.0,3468.0,0.0,0,0,0,0,0,0,0,1,0
cama_mesa_banho,1.0,2000.0,49.0,39.0,16.0,1,30576.0,30576.0,0.0,0,0,0,0,1,0,0,0,0
pcs,1.0,12000.0,27.0,53.0,50.0,1,71550.0,71550.0,0.0,0,0,0,1,0,0,0,0,0
automotivo,4.0,7350.0,24.0,53.0,69.0,2,87768.0,87768.0,0.0,0,0,0,1,0,0,0,0,0
moveis_decoracao,4.0,2550.0,29.0,45.0,24.0,3,31320.0,26685.0,0.1736930860033727,0,0,0,0,0,0,0,0,1
construcao_ferramentas_jardim,1.0,9500.0,56.0,28.0,30.0,2,47040.0,47040.0,0.0,0,0,0,0,0,0,1,0,0
moveis_decoracao,1.0,300.0,35.0,25.0,10.0,3,8750.0,9980.0,0.12324649298597194,0,0,0,0,0,0,1,0,0
moveis_decoracao,1.0,250.0,26.0,14.0,14.0,3,5096.0,3597.0,0.41673616902974703,1,0,0,0,0,0,1,0,0
artes,1.0,150.0,25.0,19.0,2.0,1,950.0,950.0,0.0,0,0,0,0,0,0,1,0,0
moveis_decoracao,2.0,2050.0,49.0,41.0,13.0,1,26117.0,18998.5,0.3746874753269995,1,0,0,0,0,0,0,1,0
cool_stuff,2.0,1250.0,36.0,24.0,16.0,2,13824.0,13824.0,0.0,0,0,0,0,1,0,0,0,0
cama_mesa_banho,1.0,650.0,16.0,16.0,10.0,2,2560.0,4250.0,0.3976470588235294,1,0,0,0,0,0,0,0,1
moveis_decoracao,1.0,600.0,17.0,17.0,17.0,3,4913.0,7646.0,0.35744179963379547,1,0,0,0,0,0,0,1,0
livros_tecnicos,1.0,213.0,21.0,14.0,2.0,3,588.0,588.0,0.0,0,1,0,0,0,0,0,0,0
beleza_saude,1.0,150.0,22.0,15.0,3.0,3,990.0,2023.0,0.5106277805239743,1,0,0,1,0,0,0,0,0
relogios_presentes,2.0,350.0,19.0,13.0,13.0,1,3211.0,2573.5,0.24771711676704877,0,1,0,0,0,0,0,0,0
agro_industria_e_comercio,1.0,250.0,17.0,10.0,3.0,3,510.0,510.0,0.0,0,0,0,0,0,0,0,0,1
cool_stuff,1.0,250.0,16.0,11.0,12.0,2,2112.0,2112.0,0.0,0,0,1,0,0,0,0,0,0
automotivo,3.0,1800.0,22.0,18.0,10.0,2,3960.0,3960.0,0.0,0,0,0,0,0,0,0,1,0
moveis_decoracao,2.0,900.0,40.0,40.0,8.0,1,12800.0,12800.0,0.0,0,0,1,0,0,0,0,0,0
esporte_lazer,4.0,8150.0,20.0,20.0,20.0,2,8000.0,8000.0,0.0,0,0,0,0,1,0,0,0,0
informatica_acessorios,5.0,588.0,20.0,15.0,17.0,1,5100.0,5100.0,0.0,0,0,0,0,1,0,0,0,0
cama_mesa_banho,6.0,1400.0,30.0,26.0,20.0,3,15600.0,15600.0,0.0,0,0,0,0,0,0,1,0,0
relogios_presentes,1.0,400.0,20.0,19.0,11.0,2,4180.0,4180.0,0.0,0,0,0,1,0,0,0,0,0
relogios_presentes,1.0,200.0,16.0,20.0,2.0,2,640.0,640.0,0.0,0,1,0,0,0,0,0,0,0
relogios_presentes,1.0,1050.0,30.0,11.0,45.0,3,14850.0,14850.0,0.0,0,0,0,0,0,0,0,1,0
cool_stuff,2.0,1300.0,36.0,24.0,16.0,3,13824.0,13824.0,0.0,0,0,0,0,0,0,0,1,0
pet_shop,4.0,700.0,36.0,30.0,12.0,3,12960.0,12960.0,0.0,0,0,0,0,0,1,0,0,0
eletronicos,1.0,175.0,22.0,15.0,11.0,1,3630.0,3630.0,0.0,0,0,0,1,0,0,0,0,0
malas_acessorios,6.0,650.0,20.0,50.0,40.0,3,40000.0,40000.0,0.0,0,0,0,0,1,0,0,0,0
telefonia,2.0,200.0,22.0,16.0,16.0,1,5632.0,5632.0,0.0,0,0,0,1,0,0,0,0,0
brinquedos,6.0,2250.0,55.0,35.0,12.0,1,23100.0,23100.0,0.0,0,0,0,1,0,0,0,0,0
telefonia,3.0,383.0,16.0,13.0,12.0,3,2496.0,2496.0,0.0,0,0,0,0,1,0,0,0,0
musica,2.0,100.0,24.0,16.0,11.0,1,4224.0,4224.0,0.0,0,0,0,0,1,0,0,0,0
fashion_roupa_masculina,2.0,800.0,20.0,20.0,7.0,2,2800.0,2800.0,0.0,0,0,0,0,0,0,0,0,1
brinquedos,4.0,3850.0,35.0,41.0,26.0,2,37310.0,37310.0,0.0,0,0,0,0,1,0,0,0,0
cama_mesa_banho,1.0,3975.0,46.0,43.0,12.0,2,23736.0,23736.0,0.0,0,0,0,0,0,0,0,1,0
eletronicos,1.0,200.0,21.0,14.0,7.0,3,2058.0,5029.0,0.5907735136209982,1,1,0,0,0,0,0,0,0
eletroportateis,1.0,550.0,20.0,21.0,13.0,1,5460.0,5460.0,0.0,0,0,0,1,0,0,0,0,0
esporte_lazer,1.0,200.0,20.0,15.0,15.0,2,4500.0,4243.25,0.0605078654333353,0,0,0,0,0,0,0,1,0
moveis_escritorio,1.0,16500.0,58.0,58.0,28.0,3,94192.0,94192.0,0.0,0,1,0,0,0,0,0,0,0
cama_mesa_banho,1.0,1650.0,35.0,30.0,20.0,3,21000.0,21000.0,0.0,0,0,1,0,0,0,0,0,0
moveis_decoracao,4.0,650.0,19.0,15.0,20.0,3,5700.0,5700.0,0.0,0,0,0,0,0,0,1,0,0
papelaria,1.0,1400.0,16.0,37.0,44.0,3,26048.0,26048.0,0.0,0,0,1,0,0,0,0,0,0
utilidades_domesticas,2.0,300.0,25.0,15.0,6.0,1,2250.0,2250.0,0.0,0,0,0,0,0,1,0,0,0
relogios_presentes,4.0,250.0,16.0,11.0,2.0,2,352.0,352.0,0.0,0,0,0,0,0,0,0,0,1
moveis_decoracao,1.0,2300.0,40.0,30.0,10.0,2,12000.0,12000.0,0.0,0,0,1,0,0,0,0,0,0
moveis_cozinha_area_de_servico_jantar_e_jardim,4.0,1150.0,27.0,16.0,15.0,1,6480.0,6480.0,0.0,0,0,0,0,0,1,0,0,0
esporte_lazer,1.0,550.0,27.0,25.0,25.0,1,16875.0,16875.0,0.0,0,0,1,0,0,0,0,0,0
moveis_decoracao,1.0,300.0,16.0,20.0,30.0,3,9600.0,9980.0,0.03807615230460922,0,0,0,0,0,0,1,0,0
cool_stuff,2.0,11750.0,18.0,79.0,40.0,1,56880.0,56880.0,0.0,0,0,0,0,0,0,1,0,0
brinquedos,1.0,325.0,17.0,12.0,18.0,3,3672.0,3672.0,0.0,0,1,0,0,0,0,0,0,0
bebes,7.0,13575.0,71.0,44.0,81.0,3,253044.0,253044.0,0.0,0,0,0,0,0,1,0,0,0
consoles_games,4.0,530.0,18.0,18.0,24.0,3,7776.0,7776.0,0.0,0,1,0,0,0,0,0,0,0
construcao_ferramentas_construcao,6.0,14900.0,48.0,48.0,30.0,1,69120.0,69120.0,0.0,0,0,0,0,0,1,0,0,0
cama_mesa_banho,2.0,1800.0,41.0,34.0,9.0,1,12546.0,12546.0,0.0,0,0,1,0,0,0,0,0,0
beleza_saude,2.0,200.0,16.0,12.0,16.0,3,3072.0,3072.0,0.0,0,0,0,0,0,0,0,1,0
informatica_acessorios,1.0,225.0,17.0,17.0,17.0,3,4913.0,4913.0,0.0,0,0,0,0,0,0,0,1,0
telefonia,6.0,300.0,17.0,12.0,4.0,1,816.0,816.0,0.0,0,0,0,0,1,0,0,0,0
esporte_lazer,4.0,482.0,18.0,16.0,11.0,2,3168.0,3168.0,0.0,0,0,0,0,1,0,0,0,0
construcao_ferramentas_construcao,1.0,600.0,26.0,17.0,17.0,2,7514.0,7514.0,0.0,0,0,0,0,0,1,0,0,0
artigos_de_festas,1.0,1300.0,70.0,11.0,11.0,2,8470.0,8470.0,0.0,0,0,0,0,0,0,0,1,0
livros_tecnicos,1.0,1900.0,30.0,30.0,6.0,2,5400.0,5400.0,0.0,0,0,0,0,1,0,0,0,0
esporte_lazer,4.0,3350.0,66.0,43.0,6.0,3,17028.0,17028.0,0.0,0,0,0,0,0,0,1,0,0
beleza_saude,1.0,350.0,16.0,15.0,16.0,2,3840.0,2415.0,0.5900621118012422,1,0,0,0,1,0,0,0,0
automotivo,6.0,450.0,20.0,15.0,15.0,3,4500.0,4500.0,0.0,0,0,1,0,0,0,0,0,0
malas_acessorios,1.0,950.0,46.0,33.0,10.0,1,15180.0,15180.0,0.0,0,0,0,0,0,1,0,0,0
bebes,3.0,850.0,42.0,15.0,25.0,2,15750.0,15750.0,0.0,0,0,0,0,0,0,0,0,1
automotivo,1.0,4500.0,59.0,59.0,10.0,2,34810.0,34810.0,0.0,0,0,0,0,1,0,0,0,0
perfumaria,1.0,500.0,20.0,15.0,12.0,1,3600.0,3600.0,0.0,0,0,0,0,0,0,0,0,1
moveis_escritorio,2.0,900.0,17.0,15.0,10.0,2,2550.0,2550.0,0.0,0,0,0,0,0,1,0,0,0
perfumaria,1.0,150.0,16.0,15.0,16.0,2,3840.0,3152.0,0.2182741116751269,0,0,1,0,0,0,0,0,0
sinalizacao_e_seguranca,1.0,325.0,17.0,17.0,17.0,1,4913.0,4913.0,0.0,0,0,0,1,0,0,0,0,0
casa_conforto,2.0,450.0,45.0,35.0,15.0,1,23625.0,23625.0,0.0,0,0,0,0,0,1,0,0,0
pet_shop,2.0,625.0,21.0,17.0,16.0,3,5712.0,5712.0,0.0,0,0,0,1,0,0,0,0,0
automotivo,6.0,4700.0,47.0,23.0,19.0,3,20539.0,20539.0,0.0,0,0,0,0,0,0,1,0,0
beleza_saude,1.0,700.0,28.0,11.0,10.0,1,3080.0,4914.0,0.3732193732193732,1,0,0,0,0,0,0,1,0
relogios_presentes,3.0,667.0,20.0,18.0,17.0,2,6120.0,6120.0,0.0,0,0,0,0,0,0,0,0,1
perfumaria,1.0,75.0,11.0,8.0,11.0,2,968.0,968.0,0.0,0,0,0,0,0,1,0,0,0
brinquedos,3.0,650.0,35.0,15.0,10.0,1,5250.0,5250.0,0.0,0,0,0,1,0,0,0,0,0
informatica_acessorios,2.0,700.0,20.0,20.0,20.0,3,8000.0,8000.0,0.0,0,1,0,0,0,0,0,0,0
la_cuisine,1.0,7600.0,55.0,55.0,15.0,3,45375.0,45375.0,0.0,0,0,0,0,1,0,0,0,0
papelaria,1.0,100.0,16.0,16.0,5.0,3,1280.0,1280.0,0.0,0,0,0,0,0,0,0,0,1
informatica_acessorios,1.0,220.0,22.0,12.0,13.0,2,3432.0,3432.0,0.0,0,0,0,0,0,1,0,0,0
beleza_saude,3.0,300.0,27.0,15.0,11.0,3,4455.0,4455.0,0.0,0,0,0,0,1,0,0,0,0
construcao_ferramentas_ferramentas,1.0,400.0,16.0,11.0,2.0,1,352.0,352.0,0.0,0,0,0,0,0,0,1,0,0
utilidades_domesticas,1.0,1200.0,23.0,16.0,22.0,3,8096.0,9736.666666666666,0.16850393700787397,0,0,0,1,0,0,0,0,0
brinquedos,2.0,17650.0,45.0,45.0,50.0,2,101250.0,101250.0,0.0,0,0,0,0,0,0,0,0,1
cama_mesa_banho,1.0,1800.0,30.0,11.0,23.0,3,7590.0,11445.0,0.33682830930537355,1,0,0,0,0,1,0,0,0
moveis_decoracao,1.0,300.0,20.0,20.0,30.0,3,12000.0,9980.0,0.20240480961923848,0,0,0,0,0,0,1,0,0
esporte_lazer,1.0,750.0,26.0,23.0,23.0,3,13754.0,13754.0,0.0,0,0,0,0,0,0,0,1,0
cool_stuff,4.0,18350.0,70.0,44.0,24.0,1,73920.0,73920.0,0.0,0,0,1,0,0,0,0,0,0
relogios_presentes,2.0,600.0,19.0,15.0,10.0,3,2850.0,2850.0,0.0,0,0,0,1,0,0,0,0,0
esporte_lazer,1.0,250.0,22.0,15.0,10.0,1,3300.0,3300.0,0.0,0,0,0,0,0,0,1,0,0
fashion_bolsas_e_acessorios,3.0,300.0,30.0,22.0,26.0,1,17160.0,17160.0,0.0,0,0,0,0,0,0,0,0,1
cama_mesa_banho,1.0,1250.0,19.0,22.0,17.0,1,7106.0,5590.666666666667,0.2710469830670164,0,0,0,1,0,0,0,0,0
construcao_ferramentas_construcao,1.0,150.0,24.0,13.0,13.0,3,4056.0,4056.0,0.0,0,0,0,0,0,0,0,1,0
informatica_acessorios,5.0,4750.0,18.0,30.0,22.0,2,11880.0,11880.0,0.0,0,0,0,0,0,1,0,0,0
beleza_saude,6.0,360.0,30.0,22.0,19.0,3,12540.0,12540.0,0.0,0,0,0,0,0,1,0,0,0
cool_stuff,1.0,900.0,25.0,25.0,10.0,1,6250.0,6250.0,0.0,0,0,0,0,0,1,0,0,0
utilidades_domesticas,4.0,3150.0,30.0,30.0,17.0,2,15300.0,15300.0,0.0,0,0,0,0,0,0,0,0,1
moveis_sala,2.0,6050.0,55.0,46.0,10.0,1,25300.0,25300.0,0.0,0,0,0,0,0,1,0,0,0
cama_mesa_banho,1.0,550.0,16.0,16.0,10.0,3,2560.0,9318.0,0.725262931959648,1,0,0,0,0,0,0,0,1
esporte_lazer,1.0,200.0,20.0,20.0,20.0,3,8000.0,4243.25,0.8853473163259294,1,0,0,0,0,0,0,1,0
beleza_saude,1.0,938.0,29.0,23.0,22.0,1,14674.0,14674.0,0.0,0,0,1,0,0,0,0,0,0
brinquedos,1.0,600.0,17.0,12.0,10.0,2,2040.0,6770.0,0.6986706056129985,1,1,0,0,0,0,0,0,0
cama_mesa_banho,1.0,1250.0,16.0,16.0,10.0,3,2560.0,5590.666666666667,0.5420939661340329,1,0,0,1,0,0,0,0,0
brinquedos,2.0,790.0,28.0,31.0,24.0,1,20832.0,20832.0,0.0,0,0,0,1,0,0,0,0,0
beleza_saude,2.0,175.0,19.0,13.0,12.0,1,2964.0,2964.0,0.0,0,0,0,0,0,0,0,0,1
relogios_presentes,4.0,200.0,16.0,11.0,2.0,3,352.0,352.0,0.0,0,0,0,0,0,0,0,0,1
beleza_saude,1.0,1650.0,25.0,20.0,30.0,3,15000.0,15000.0,0.0,0,0,0,0,0,0,0,0,1
brinquedos,2.0,1220.0,20.0,22.0,33.0,2,14520.0,14520.0,0.0,0,0,1,0,0,0,0,0,0
construcao_ferramentas_construcao,2.0,8817.0,43.0,47.0,24.0,2,48504.0,48504.0,0.0,0,0,1,0,0,0,0,0,0
moveis_decoracao,11.0,800.0,40.0,35.0,8.0,2,11200.0,11200.0,0.0,0,0,0,1,0,0,0,0,0
brinquedos,1.0,200.0,16.0,11.0,10.0,1,1760.0,2752.0,0.36046511627906974,1,0,1,0,0,0,0,0,0
pet_shop,1.0,1350.0,23.0,30.0,7.0,3,4830.0,4830.0,0.0,0,0,0,0,0,0,1,0,0
cama_mesa_banho,2.0,1000.0,30.0,25.0,10.0,3,7500.0,6270.0,0.19617224880382775,0,0,0,0,0,0,1,0,0
beleza_saude,1.0,2150.0,28.0,11.0,32.0,1,9856.0,9856.0,0.0,0,0,1,0,0,0,0,0,0
esporte_lazer,2.0,1950.0,60.0,15.0,15.0,2,13500.0,13500.0,0.0,0,1,0,0,0,0,0,0,0
casa_construcao,6.0,1050.0,16.0,16.0,20.0,1,5120.0,5120.0,0.0,0,0,1,0,0,0,0,0,0
eletronicos,2.0,100.0,22.0,11.0,4.0,3,968.0,1508.0,0.35809018567639256,1,0,0,0,0,0,0,0,1
beleza_saude,1.0,500.0,24.0,24.0,20.0,1,11520.0,11520.0,0.0,0,0,1,0,0,0,0,0,0
informatica_acessorios,1.0,400.0,16.0,15.0,21.0,1,5040.0,5040.0,0.0,0,0,0,0,0,1,0,0,0
eletroportateis,3.0,750.0,30.0,30.0,30.0,3,27000.0,27000.0,0.0,0,1,0,0,0,0,0,0,0
climatizacao,1.0,150.0,20.0,13.0,8.0,2,2080.0,2080.0,0.0,0,0,1,0,0,0,0,0,0
relogios_presentes,4.0,340.0,47.0,13.0,13.0,2,7943.0,7943.0,0.0,0,0,0,0,0,0,0,1,0
eletronicos,3.0,230.0,16.0,15.0,14.0,2,3360.0,3360.0,0.0,0,0,0,0,1,0,0,0,0
eletronicos,1.0,263.0,18.0,16.0,12.0,1,3456.0,3456.0,0.0,0,0,0,0,1,0,0,0,0
moveis_escritorio,1.0,13600.0,58.0,58.0,28.0,2,94192.0,94192.0,0.0,0,0,1,0,0,0,0,0,0
consoles_games,5.0,200.0,16.0,16.0,16.0,2,4096.0,4096.0,0.0,0,1,0,0,0,0,0,0,0
utilidades_domesticas,2.0,500.0,22.0,16.0,16.0,2,5632.0,5286.0,0.06545592130155127,0,0,0,0,0,0,1,0,0
esporte_lazer,1.0,2000.0,28.0,15.0,8.0,3,3360.0,3360.0,0.0,0,0,0,0,1,0,0,0,0
beleza_saude,6.0,150.0,20.0,33.0,24.0,1,15840.0,10104.0,0.5676959619952494,1,0,0,0,0,0,0,0,1
utilidades_domesticas,1.0,600.0,17.0,18.0,17.0,1,5202.0,5168.5,0.006481571055431943,0,1,0,0,0,0,0,0,0
malas_acessorios,7.0,1100.0,35.0,29.0,14.0,2,14210.0,14210.0,0.0,0,0,0,0,0,0,0,1,0
beleza_saude,1.0,300.0,16.0,16.0,18.0,1,4608.0,3287.0,0.4018862184362641,1,1,0,0,0,0,0,0,0
esporte_lazer,1.0,600.0,50.0,12.0,10.0,2,6000.0,6000.0,0.0,0,0,0,0,0,0,1,0,0
informatica_acessorios,3.0,150.0,16.0,14.0,4.0,1,896.0,896.0,0.0,0,0,0,0,0,1,0,0,0
perfumaria,1.0,1300.0,22.0,14.0,14.0,3,4312.0,4312.0,0.0,0,0,0,1,0,0,0,0,0
beleza_saude,1.0,1467.0,23.0,20.0,16.0,2,7360.0,7360.0,0.0,0,0,0,0,0,0,0,1,0
cool_stuff,1.0,1100.0,30.0,23.0,20.0,2,13800.0,13800.0,0.0,0,0,0,0,0,0,0,0,1
eletronicos,4.0,417.0,17.0,15.0,9.0,1,2295.0,2295.0,0.0,0,0,0,0,0,1,0,0,0
moveis_decoracao,2.0,1400.0,65.0,12.0,12.0,1,9360.0,9360.0,0.0,0,0,0,0,0,1,0,0,0
pet_shop,4.0,4050.0,30.0,30.0,53.0,2,47700.0,47700.0,0.0,0,0,0,1,0,0,0,0,0
cama_mesa_banho,1.0,1300.0,50.0,12.0,12.0,2,7200.0,7200.0,0.0,0,0,0,0,0,0,0,1,0
bebes,6.0,10400.0,100.0,27.0,23.0,3,62100.0,62100.0,0.0,0,1,0,0,0,0,0,0,0
informatica_acessorios,4.0,200.0,20.0,20.0,20.0,1,8000.0,4448.0,0.7985611510791367,1,1,0,0,0,0,0,0,0
cama_mesa_banho,1.0,500.0,16.0,16.0,10.0,3,2560.0,2560.0,0.0,0,0,0,0,1,0,0,0,0
cama_mesa_banho,2.0,800.0,36.0,16.0,8.0,1,4608.0,4608.0,0.0,0,0,1,0,0,0,0,0,0
telefonia,3.0,50.0,18.0,11.0,6.0,3,1188.0,1188.0,0.0,0,0,0,0,0,0,1,0,0
brinquedos,1.0,600.0,23.0,20.0,25.0,2,11500.0,6770.0,0.6986706056129985,1,1,0,0,0,0,0,0,0
climatizacao,1.0,4550.0,40.0,32.0,21.0,2,26880.0,26880.0,0.0,0,1,0,0,0,0,0,0,0
alimentos_bebidas,1.0,300.0,20.0,20.0,20.0,1,8000.0,8000.0,0.0,0,0,0,0,0,0,1,0,0
ferramentas_jardim,2.0,200.0,25.0,12.0,5.0,3,1500.0,1500.0,0.0,0,0,0,0,0,0,1,0,0
moveis_decoracao,4.0,18200.0,40.0,40.0,60.0,1,96000.0,96000.0,0.0,0,0,0,0,0,0,1,0,0
alimentos_bebidas,6.0,1000.0,28.0,13.0,13.0,2,4732.0,4732.0,0.0,0,0,1,0,0,0,0,0,0
eletronicos,1.0,250.0,16.0,30.0,10.0,2,4800.0,4800.0,0.0,0,0,0,0,1,0,0,0,0
moveis_decoracao,1.0,1000.0,30.0,18.0,18.0,1,9720.0,9720.0,0.0,0,0,0,0,0,0,0,0,1
climatizacao,1.0,2000.0,32.0,16.0,51.0,1,26112.0,26112.0,0.0,0,0,0,0,0,0,0,0,1
esporte_lazer,1.0,900.0,23.0,18.0,18.0,2,7452.0,5774.0,0.29061309317630757,0,1,0,0,0,0,0,0,0
esporte_lazer,1.0,500.0,20.0,15.0,6.0,1,1800.0,1800.0,0.0,0,0,0,0,0,1,0,0,0
automotivo,2.0,250.0,18.0,15.0,19.0,1,5130.0,5130.0,0.0,0,0,0,1,0,0,0,0,0
automotivo,1.0,220.0,18.0,17.0,14.0,2,4284.0,4284.0,0.0,0,0,0,0,1,0,0,0,0
fashion_bolsas_e_acessorios,1.0,415.0,23.0,18.0,19.0,2,7866.0,7866.0,0.0,0,0,0,0,0,0,1,0,0
brinquedos,2.0,300.0,24.0,24.0,11.0,3,6336.0,6336.0,0.0,0,0,0,0,0,0,0,0,1
brinquedos,2.0,725.0,22.0,15.0,17.0,1,5610.0,5610.0,0.0,0,0,1,0,0,0,0,0,0
construcao_ferramentas_construcao,1.0,4200.0,30.0,20.0,20.0,2,12000.0,12000.0,0.0,0,0,0,1,0,0,0,0,0
beleza_saude,1.0,325.0,25.0,13.0,10.0,3,3250.0,3250.0,0.0,0,0,0,0,0,0,0,1,0
cama_mesa_banho,1.0,2700.0,20.0,30.0,30.0,3,18000.0,19237.5,0.06432748538011696,0,0,0,0,1,0,0,0,0
fashion_bolsas_e_acessorios,1.0,300.0,16.0,11.0,2.0,1,352.0,2318.0,0.8481449525452976,1,0,0,0,1,0,0,0,0
esporte_lazer,3.0,750.0,23.0,38.0,28.0,1,24472.0,15536.0,0.5751802265705458,1,1,0,0,0,0,0,0,0
automotivo,2.0,500.0,16.0,12.0,16.0,2,3072.0,2656.0,0.1566265060240964,0,0,0,0,0,1,0,0,0
cama_mesa_banho,2.0,1400.0,37.0,35.0,23.0,1,29785.0,19509.5,0.5266921243496758,1,0,0,0,0,1,0,0,0
fashion_bolsas_e_acessorios,1.0,100.0,17.0,12.0,3.0,3,612.0,834.6666666666666,0.2667731629392971,0,0,0,0,0,0,0,1,0
esporte_lazer,2.0,300.0,30.0,40.0,20.0,1,24000.0,26960.0,0.10979228486646884,0,0,0,0,0,0,0,0,1
fashion_underwear_e_moda_praia,3.0,200.0,30.0,30.0,30.0,2,27000.0,27000.0,0.0,0,0,1,0,0,0,0,0,0
malas_acessorios,1.0,700.0,45.0,31.0,10.0,3,13950.0,18490.0,0.24553812871822606,0,0,0,0,0,0,0,0,1
cool_stuff,3.0,700.0,20.0,20.0,20.0,2,8000.0,8000.0,0.0,0,1,0,0,0,0,0,0,0
malas_acessorios,5.0,2900.0,40.0,30.0,55.0,3,66000.0,66000.0,0.0,0,0,0,0,0,1,0,0,0
cama_mesa_banho,1.0,1100.0,16.0,16.0,10.0,2,2560.0,5706.666666666667,0.5514018691588786,1,0,0,0,0,0,1,0,0
beleza_saude,1.0,300.0,17.0,11.0,12.0,1,2244.0,3287.0,0.31731061758442347,1,1,0,0,0,0,0,0,0
telefonia,1.0,75.0,19.0,11.0,3.0,1,627.0,627.0,0.0,0,0,0,0,0,0,0,0,1
moveis_decoracao,2.0,250.0,20.0,20.0,20.0,1,8000.0,8000.0,0.0,0,0,0,0,1,0,0,0,0
moveis_decoracao,3.0,800.0,25.0,25.0,25.0,2,15625.0,10056.5,0.5537214736737434,1,0,0,0,0,1,0,0,0
cool_stuff,1.0,2250.0,34.0,30.0,52.0,1,53040.0,53040.0,0.0,0,0,0,0,0,0,0,0,1
perfumaria,2.0,600.0,20.0,20.0,20.0,1,8000.0,8000.0,0.0,0,0,0,1,0,0,0,0,0
cama_mesa_banho,1.0,2200.0,45.0,35.0,25.0,2,39375.0,28003.5,0.40607424071991,1,0,0,0,0,1,0,0,0
ferramentas_jardim,1.0,900.0,30.0,20.0,10.0,2,6000.0,4276.5,0.40301648544370394,1,1,0,0,0,0,0,0,0
informatica_acessorios,4.0,300.0,35.0,25.0,5.0,1,4375.0,4375.0,0.0,0,0,1,0,0,0,0,0,0
informatica_acessorios,3.0,239.0,27.0,16.0,8.0,3,3456.0,3456.0,0.0,0,0,0,0,0,0,0,1,0
automotivo,6.0,700.0,40.0,40.0,15.0,1,24000.0,24000.0,0.0,0,0,0,0,0,0,1,0,0
papelaria,2.0,200.0,23.0,15.0,7.0,3,2415.0,2373.0,0.017699115044247787,0,0,1,0,0,0,0,0,0
bebes,1.0,300.0,16.0,11.0,8.0,3,1408.0,3798.0,0.6292785676671933,1,0,1,0,0,0,0,0,0
beleza_saude,1.0,10700.0,40.0,40.0,40.0,2,64000.0,64000.0,0.0,0,0,0,0,0,0,0,0,1
esporte_lazer,3.0,2350.0,92.0,24.0,4.0,2,8832.0,8832.0,0.0,0,0,0,0,0,0,1,0,0
beleza_saude,1.0,217.0,17.0,14.0,10.0,3,2380.0,2847.5,0.16417910447761194,0,0,0,0,0,0,0,1,0
esporte_lazer,1.0,8809.0,52.0,17.0,52.0,1,45968.0,45968.0,0.0,0,0,0,0,0,1,0,0,0
automotivo,1.0,5750.0,30.0,31.0,19.0,3,17670.0,17670.0,0.0,0,0,0,1,0,0,0,0,0
utilidades_domesticas,4.0,625.0,20.0,13.0,17.0,3,4420.0,4420.0,0.0,0,0,0,0,0,0,0,1,0
bebes,1.0,500.0,20.0,13.0,13.0,1,3380.0,3380.0,0.0,0,1,0,0,0,0,0,0,0
ferramentas_jardim,3.0,3250.0,32.0,22.0,14.0,3,9856.0,9856.0,0.0,0,0,0,0,0,0,0,0,1
fashion_roupa_masculina,2.0,300.0,16.0,11.0,2.0,1,352.0,352.0,0.0,0,0,0,0,0,0,0,1,0
beleza_saude,1.0,1300.0,19.0,17.0,28.0,2,9044.0,9044.0,0.0,0,0,0,0,1,0,0,0,0
bebes,1.0,250.0,21.0,13.0,4.0,1,1092.0,1092.0,0.0,0,0,0,0,0,1,0,0,0
moveis_decoracao,2.0,1200.0,65.0,12.0,12.0,1,9360.0,9360.0,0.0,0,0,0,0,0,1,0,0,0
utilidades_domesticas,2.0,250.0,20.0,12.0,9.0,2,2160.0,6134.25,0.6478787137791906,1,0,0,0,0,1,0,0,0
cool_stuff,5.0,12400.0,35.0,50.0,35.0,1,61250.0,61250.0,0.0,0,0,0,0,0,1,0,0,0
informatica_acessorios,2.0,300.0,42.0,30.0,2.0,2,2520.0,3060.0,0.17647058823529413,0,0,0,0,1,0,0,0,0
perfumaria,2.0,450.0,16.0,22.0,16.0,2,5632.0,5632.0,0.0,0,0,0,0,1,0,0,0,0
instrumentos_musicais,3.0,350.0,17.0,11.0,7.0,1,1309.0,1309.0,0.0,0,1,0,0,0,0,0,0,0
consoles_games,1.0,150.0,19.0,11.0,11.0,3,2299.0,1613.5,0.4248528044623489,1,0,0,0,0,1,0,0,0
construcao_ferramentas_construcao,4.0,21400.0,20.0,20.0,20.0,1,8000.0,8000.0,0.0,0,0,0,0,0,1,0,0,0
alimentos_bebidas,1.0,1350.0,18.0,16.0,17.0,3,4896.0,4896.0,0.0,0,0,0,0,0,0,0,0,1
brinquedos,1.0,11650.0,55.0,30.0,30.0,2,49500.0,49500.0,0.0,0,0,0,0,0,0,0,1,0
esporte_lazer,1.0,1600.0,100.0,11.0,7.0,1,7700.0,7700.0,0.0,0,0,0,0,0,0,1,0,0
cool_stuff,6.0,7000.0,22.0,27.0,52.0,3,30888.0,30888.0,0.0,0,0,0,0,0,1,0,0,0
relogios_presentes,2.0,200.0,16.0,11.0,11.0,2,1936.0,1144.0,0.6923076923076923,1,0,1,0,0,0,0,0,0
automotivo,1.0,3750.0,42.0,25.0,19.0,1,19950.0,19950.0,0.0,0,0,0,1,0,0,0,0,0
utilidades_domesticas,1.0,300.0,16.0,11.0,15.0,1,2640.0,2370.0,0.11392405063291139,0,0,0,0,0,0,0,1,0
esporte_lazer,4.0,1100.0,32.0,30.0,5.0,3,4800.0,4800.0,0.0,0,0,0,0,1,0,0,0,0
instrumentos_musicais,1.0,5850.0,40.0,105.0,9.0,2,37800.0,37800.0,0.0,0,0,0,0,0,0,0,1,0
fashion_bolsas_e_acessorios,1.0,300.0,25.0,25.0,10.0,3,6250.0,2318.0,1.6962899050905953,1,0,0,0,1,0,0,0,0
utilidades_domesticas,1.0,1400.0,25.0,35.0,35.0,2,30625.0,30625.0,0.0,0,0,0,0,1,0,0,0,0
consoles_games,3.0,450.0,17.0,17.0,7.0,1,2023.0,2023.0,0.0,0,0,0,0,0,0,0,1,0
perfumaria,1.0,400.0,18.0,12.0,18.0,1,3888.0,4860.0,0.2,0,0,0,1,0,0,0,0,0
malas_acessorios,2.0,450.0,20.0,30.0,40.0,2,24000.0,24000.0,0.0,0,0,0,0,0,1,0,0,0
telefonia,9.0,200.0,19.0,11.0,5.0,2,1045.0,1045.0,0.0,0,1,0,0,0,0,0,0,0
utilidades_domesticas,1.0,800.0,20.0,20.0,8.0,2,3200.0,4335.666666666667,0.2619358806796341,0,1,0,0,0,0,0,0,0
informatica_acessorios,1.0,783.0,21.0,28.0,13.0,1,7644.0,7644.0,0.0,0,0,0,0,0,1,0,0,0
fashion_bolsas_e_acessorios,1.0,300.0,16.0,11.0,2.0,2,352.0,2318.0,0.8481449525452976,1,0,0,0,1,0,0,0,0
automotivo,5.0,4200.0,78.0,47.0,4.0,2,14664.0,14664.0,0.0,0,0,0,0,1,0,0,0,0
cama_mesa_banho,1.0,1100.0,16.0,16.0,10.0,1,2560.0,5706.666666666667,0.5514018691588786,1,0,0,0,0,0,1,0,0
esporte_lazer,5.0,461.0,18.0,14.0,10.0,2,2520.0,2520.0,0.0,0,0,0,0,0,0,1,0,0
esporte_lazer,3.0,250.0,16.0,20.0,6.0,2,1920.0,1920.0,0.0,0,0,1,0,0,0,0,0,0
eletrodomesticos,1.0,150.0,18.0,13.0,8.0,1,1872.0,3913.0,0.521594684385382,1,1,0,0,0,0,0,0,0
cama_mesa_banho,1.0,950.0,50.0,50.0,5.0,2,12500.0,9875.0,0.26582278481012656,0,0,0,0,0,1,0,0,0
automotivo,3.0,18200.0,56.0,15.0,15.0,3,12600.0,12600.0,0.0,0,0,0,0,0,0,0,0,1
pet_shop,1.0,300.0,16.0,16.0,16.0,1,4096.0,2400.0,0.7066666666666667,1,0,1,0,0,0,0,0,0
utilidades_domesticas,2.0,1000.0,29.0,21.0,19.0,2,11571.0,11571.0,0.0,0,0,0,1,0,0,0,0,0
esporte_lazer,1.0,200.0,18.0,14.0,8.0,1,2016.0,4243.25,0.5248924762858658,1,0,0,0,0,0,0,1,0
relogios_presentes,1.0,267.0,17.0,13.0,11.0,3,2431.0,2431.0,0.0,0,0,0,0,0,0,1,0,0
esporte_lazer,1.0,213.0,16.0,13.0,10.0,1,2080.0,2080.0,0.0,0,0,0,0,0,0,1,0,0
utilidades_domesticas,1.0,400.0,17.0,11.0,11.0,1,2057.0,2008.3333333333333,0.024232365145228255,0,0,0,0,1,0,0,0,0
moveis_decoracao,3.0,150.0,35.0,25.0,2.0,1,1750.0,1750.0,0.0,0,0,0,0,0,0,1,0,0
beleza_saude,1.0,300.0,17.0,14.0,14.0,3,3332.0,3287.0,0.013690295101916642,0,1,0,0,0,0,0,0,0
fashion_calcados,6.0,100.0,29.0,16.0,7.0,2,3248.0,3248.0,0.0,0,0,0,0,0,0,1,0,0
moveis_decoracao,3.0,400.0,16.0,16.0,20.0,2,5120.0,4135.0,0.23821039903264812,0,0,1,0,0,0,0,0,0
malas_acessorios,1.0,700.0,16.0,20.0,30.0,1,9600.0,18490.0,0.4808004326663061,1,0,0,0,0,0,0,0,1
cama_mesa_banho,3.0,8150.0,50.0,40.0,20.0,3,40000.0,40000.0,0.0,0,0,0,0,0,0,1,0,0
brinquedos,4.0,1150.0,30.0,30.0,30.0,1,27000.0,27000.0,0.0,0,0,0,0,0,1,0,0,0
relogios_presentes,2.0,267.0,17.0,12.0,11.0,2,2244.0,2244.0,0.0,0,0,0,1,0,0,0,0,0
moveis_decoracao,2.0,800.0,32.0,28.0,6.0,2,5376.0,6976.0,0.22935779816513763,0,0,0,0,0,0,1,0,0
beleza_saude,2.0,150.0,16.0,12.0,7.0,1,1344.0,5477.333333333333,0.7546251217137293,1,0,1,0,0,0,0,0,0
cama_mesa_banho,1.0,1800.0,45.0,34.0,10.0,1,15300.0,11445.0,0.33682830930537355,1,0,0,0,0,1,0,0,0
fashion_bolsas_e_acessorios,6.0,2250.0,22.0,20.0,15.0,2,6600.0,6600.0,0.0,0,1,0,0,0,0,0,0,0
informatica_acessorios,1.0,550.0,26.0,17.0,17.0,1,7514.0,7514.0,0.0,0,0,0,0,0,1,0,0,0
eletrodomesticos,1.0,1500.0,65.0,38.0,8.0,1,19760.0,19760.0,0.0,0,0,0,0,0,1,0,0,0
cama_mesa_banho,1.0,300.0,40.0,30.0,4.0,1,4800.0,4800.0,0.0,0,0,0,0,0,0,1,0,0
perfumaria,1.0,1000.0,20.0,13.0,14.0,1,3640.0,3640.0,0.0,0,0,0,0,0,1,0,0,0
moveis_sala,2.0,5050.0,50.0,50.0,8.0,3,20000.0,20000.0,0.0,0,0,0,0,0,0,0,0,1
artes,6.0,7900.0,70.0,70.0,15.0,2,73500.0,73500.0,0.0,0,0,0,0,0,0,0,1,0
informatica_acessorios,2.0,200.0,16.0,11.0,2.0,3,352.0,1690.0,0.7917159763313609,1,0,0,0,0,0,0,0,1
perfumaria,1.0,225.0,16.0,14.0,10.0,3,2240.0,2240.0,0.0,0,0,0,0,1,0,0,0,0
utilidades_domesticas,1.0,1150.0,19.0,19.0,22.0,3,7942.0,7942.0,0.0,0,0,0,1,0,0,0,0,0
moveis_decoracao,1.0,800.0,40.0,34.0,10.0,2,13600.0,13600.0,0.0,0,0,0,0,0,0,0,1,0
utilidades_domesticas,2.0,1800.0,50.0,36.0,12.0,1,21600.0,21600.0,0.0,0,1,0,0,0,0,0,0,0
agro_industria_e_comercio,1.0,16400.0,63.0,56.0,66.0,2,232848.0,232848.0,0.0,0,0,0,0,0,0,0,0,1
moveis_decoracao,3.0,2200.0,28.0,38.0,28.0,2,29792.0,29792.0,0.0,0,0,0,1,0,0,0,0,0
automotivo,3.0,1100.0,37.0,30.0,12.0,3,13320.0,13320.0,0.0,0,0,0,1,0,0,0,0,0
livros_tecnicos,1.0,500.0,25.0,18.0,4.0,1,1800.0,1268.0,0.4195583596214511,1,0,1,0,0,0,0,0,0
moveis_decoracao,1.0,250.0,35.0,25.0,5.0,2,4375.0,3597.0,0.2162913539060328,0,0,0,0,0,0,1,0,0
eletrodomesticos_2,2.0,13200.0,66.0,67.0,19.0,3,84018.0,84018.0,0.0,0,0,0,0,0,1,0,0,0
perfumaria,2.0,400.0,27.0,20.0,5.0,3,2700.0,3226.0,0.16305021698698077,0,0,0,0,0,1,0,0,0
perfumaria,3.0,200.0,20.0,13.0,5.0,3,1300.0,1300.0,0.0,0,0,0,0,0,1,0,0,0
automotivo,2.0,500.0,20.0,14.0,8.0,2,2240.0,2656.0,0.1566265060240964,0,0,0,0,0,1,0,0,0
telefonia,1.0,200.0,19.0,11.0,4.0,2,836.0,836.0,0.0,0,0,0,0,0,0,0,0,1
papelaria,2.0,300.0,16.0,17.0,5.0,1,1360.0,1887.5,0.27947019867549666,0,0,0,0,0,0,0,1,0
automotivo,5.0,250.0,20.0,20.0,20.0,2,8000.0,8000.0,0.0,0,0,0,0,1,0,0,0,0
moveis_decoracao,1.0,600.0,25.0,25.0,25.0,2,15625.0,7646.0,1.0435521841485744,1,0,0,0,0,0,0,1,0
beleza_saude,1.0,3600.0,20.0,20.0,20.0,3,8000.0,8000.0,0.0,0,0,0,1,0,0,0,0,0
esporte_lazer,1.0,698.0,46.0,14.0,10.0,2,6440.0,6440.0,0.0,0,0,0,0,0,0,0,0,1
cama_mesa_banho,1.0,850.0,40.0,50.0,6.0,3,12000.0,12000.0,0.0,0,0,0,0,0,0,0,0,1
beleza_saude,3.0,1050.0,18.0,27.0,21.0,1,10206.0,10206.0,0.0,0,0,0,0,1,0,0,0,0
bebes,1.0,21467.0,76.0,51.0,57.0,2,220932.0,220932.0,0.0,0,1,0,0,0,0,0,0,0
beleza_saude,1.0,1450.0,25.0,16.0,25.0,3,10000.0,10000.0,0.0,0,0,0,0,0,0,0,0,1
livros_tecnicos,1.0,2050.0,29.0,21.0,5.0,2,3045.0,3045.0,0.0,0,0,0,0,1,0,0,0,0
cool_stuff,2.0,1400.0,25.0,20.0,20.0,3,10000.0,10000.0,0.0,0,0,0,1,0,0,0,0,0
moveis_decoracao,2.0,4000.0,52.0,52.0,6.0,3,16224.0,16224.0,0.0,0,1,0,0,0,0,0,0,0
telefonia,2.0,100.0,19.0,11.0,3.0,1,627.0,627.0,0.0,0,0,1,0,0,0,0,0,0
alimentos,1.0,1376.0,23.0,21.0,15.0,1,7245.0,7245.0,0.0,0,0,0,0,0,0,1,0,0
cama_mesa_banho,1.0,6450.0,100.0,11.0,10.0,3,11000.0,11000.0,0.0,0,0,0,0,0,0,0,0,1
informatica_acessorios,2.0,200.0,41.0,29.0,2.0,3,2378.0,1690.0,0.40710059171597635,1,0,0,0,0,0,0,0,1
eletroportateis,4.0,2700.0,20.0,32.0,26.0,3,16640.0,16640.0,0.0,0,0,0,1,0,0,0,0,0
fashion_roupa_feminina,2.0,500.0,16.0,11.0,2.0,3,352.0,352.0,0.0,0,1,0,0,0,0,0,0,0
moveis_decoracao,1.0,300.0,40.0,27.0,10.0,2,10800.0,9980.0,0.08216432865731463,0,0,0,0,0,0,1,0,0
fashion_roupa_masculina,2.0,950.0,40.0,35.0,6.0,1,8400.0,9000.0,0.06666666666666667,0,0,0,0,0,0,0,0,1
fashion_bolsas_e_acessorios,1.0,200.0,16.0,11.0,2.0,1,352.0,409.6,0.14062500000000006,0,0,0,0,1,0,0,0,0
beleza_saude,1.0,250.0,17.0,12.0,12.0,3,2448.0,1850.6666666666667,0.32276657060518726,1,0,1,0,0,0,0,0,0
moveis_decoracao,3.0,800.0,24.0,17.0,11.0,1,4488.0,10056.5,0.5537214736737434,1,0,0,0,0,1,0,0,0
bebes,2.0,500.0,30.0,35.0,8.0,2,8400.0,6270.0,0.3397129186602871,1,0,1,0,0,0,0,0,0
esporte_lazer,5.0,900.0,26.0,13.0,6.0,2,2028.0,2028.0,0.0,0,0,0,0,0,1,0,0,0
construcao_ferramentas_seguranca,3.0,314.0,20.0,18.0,19.0,3,6840.0,6840.0,0.0,0,0,0,0,1,0,0,0,0
bebidas,1.0,700.0,20.0,20.0,20.0,2,8000.0,8000.0,0.0,0,0,0,1,0,0,0,0,0
pet_shop,1.0,700.0,40.0,20.0,20.0,1,16000.0,16000.0,0.0,0,1,0,0,0,0,0,0,0
brinquedos,4.0,250.0,20.0,12.0,14.0,1,3360.0,3360.0,0.0,0,0,0,1,0,0,0,0,0
perfumaria,1.0,200.0,16.0,16.0,16.0,2,4096.0,3984.0,0.028112449799196786,0,0,0,1,0,0,0,0,0
beleza_saude,1.0,2000.0,30.0,16.0,12.0,3,5760.0,5760.0,0.0,0,0,0,0,0,0,0,0,1
beleza_saude,1.0,850.0,18.0,14.0,10.0,2,2520.0,2520.0,0.0,0,0,0,0,0,0,0,1,0
fashion_underwear_e_moda_praia,11.0,400.0,16.0,11.0,5.0,1,880.0,880.0,0.0,0,0,0,0,0,0,0,1,0
esporte_lazer,1.0,800.0,20.0,25.0,25.0,3,12500.0,6426.0,0.9452225334578276,1,0,0,0,1,0,0,0,0
casa_construcao,6.0,1050.0,16.0,16.0,20.0,3,5120.0,5120.0,0.0,0,0,1,0,0,0,0,0,0
automotivo,5.0,1500.0,68.0,33.0,9.0,2,20196.0,20196.0,0.0,0,1,0,0,0,0,0,0,0
casa_construcao,2.0,3100.0,38.0,28.0,28.0,1,29792.0,29792.0,0.0,0,0,1,0,0,0,0,0,0
brinquedos,1.0,875.0,65.0,20.0,23.0,3,29900.0,29900.0,0.0,0,0,1,0,0,0,0,0,0
casa_construcao,1.0,10000.0,60.0,25.0,25.0,2,37500.0,37500.0,0.0,0,0,0,0,0,0,0,1,0
bebes,4.0,7150.0,50.0,45.0,19.0,2,42750.0,42750.0,0.0,0,0,0,0,0,0,0,1,0
moveis_decoracao,3.0,2550.0,105.0,70.0,3.0,3,22050.0,22050.0,0.0,0,0,0,0,0,1,0,0,0
livros_interesse_geral,1.0,1000.0,33.0,22.0,6.0,1,4356.0,4356.0,0.0,0,0,0,1,0,0,0,0,0
moveis_cozinha_area_de_servico_jantar_e_jardim,1.0,16900.0,40.0,40.0,30.0,3,48000.0,48000.0,0.0,0,1,0,0,0,0,0,0,0
utilidades_domesticas,1.0,400.0,16.0,14.0,10.0,1,2240.0,2008.3333333333333,0.11535269709543573,0,0,0,0,1,0,0,0,0
esporte_lazer,1.0,12600.0,20.0,20.0,10.0,2,4000.0,4000.0,0.0,0,0,0,0,0,1,0,0,0
construcao_ferramentas_seguranca,4.0,200.0,17.0,17.0,7.0,2,2023.0,2023.0,0.0,0,1,0,0,0,0,0,0,0
malas_acessorios,5.0,3600.0,35.0,50.0,25.0,1,43750.0,43750.0,0.0,0,0,0,0,1,0,0,0,0
relogios_presentes,2.0,350.0,16.0,11.0,11.0,3,1936.0,2573.5,0.24771711676704877,0,1,0,0,0,0,0,0,0
informatica_acessorios,2.0,400.0,38.0,29.0,2.0,2,2204.0,2204.0,0.0,0,0,0,0,0,1,0,0,0
cool_stuff,2.0,586.0,18.0,13.0,11.0,1,2574.0,2574.0,0.0,0,0,0,0,0,0,0,1,0
utilidades_domesticas,1.0,1800.0,25.0,20.0,7.0,2,3500.0,3500.0,0.0,0,0,0,0,0,1,0,0,0
bebes,5.0,750.0,50.0,40.0,5.0,1,10000.0,10000.0,0.0,0,0,0,0,0,0,1,0,0
bebes,1.0,371.0,26.0,26.0,4.0,2,2704.0,2704.0,0.0,0,0,1,0,0,0,0,0,0
moveis_decoracao,3.0,400.0,35.0,15.0,6.0,2,3150.0,4135.0,0.23821039903264812,0,0,1,0,0,0,0,0,0
artes,1.0,1000.0,30.0,20.0,18.0,2,10800.0,10800.0,0.0,0,0,1,0,0,0,0,0,0
perfumaria,1.0,422.0,21.0,18.0,16.0,1,6048.0,6048.0,0.0,0,0,0,0,0,0,0,1,0
utilidades_domesticas,6.0,100.0,16.0,20.0,7.0,3,2240.0,2240.0,0.0,0,0,0,0,0,0,0,1,0
livros_interesse_geral,1.0,900.0,18.0,16.0,25.0,1,7200.0,7200.0,0.0,0,0,0,0,0,0,0,1,0
eletroportateis,1.0,1300.0,20.0,20.0,16.0,1,6400.0,6400.0,0.0,0,0,0,0,0,1,0,0,0
relogios_presentes,2.0,250.0,16.0,11.0,11.0,3,1936.0,3368.0,0.4251781472684085,1,0,0,0,0,0,0,1,0
relogios_presentes,6.0,400.0,18.0,15.0,11.0,1,2970.0,2970.0,0.0,0,0,0,0,0,1,0,0,0
perfumaria,1.0,600.0,20.0,30.0,20.0,1,12000.0,12000.0,0.0,0,0,0,0,0,1,0,0,0
informatica_acessorios,2.0,1000.0,20.0,20.0,20.0,2,8000.0,8000.0,0.0,0,0,0,0,1,0,0,0,0
relogios_presentes,1.0,300.0,19.0,13.0,13.0,3,3211.0,2573.5,0.24771711676704877,0,1,0,0,0,0,0,0,0
eletronicos,4.0,24050.0,80.0,60.0,30.0,1,144000.0,144000.0,0.0,0,0,0,0,0,0,0,0,1
relogios_presentes,2.0,500.0,17.0,17.0,22.0,1,6358.0,4147.0,0.53315649867374,1,0,0,0,0,0,0,1,0
pet_shop,6.0,2000.0,30.0,17.0,34.0,1,17340.0,17340.0,0.0,0,0,0,0,1,0,0,0,0
automotivo,3.0,500.0,16.0,18.0,21.0,1,6048.0,4656.0,0.29896907216494845,0,0,0,0,0,0,0,1,0
moveis_decoracao,2.0,1300.0,25.0,25.0,16.0,1,10000.0,10000.0,0.0,0,0,0,0,0,0,0,1,0
beleza_saude,3.0,75.0,21.0,13.0,7.0,2,1911.0,1911.0,0.0,0,0,0,0,0,0,0,1,0
telefonia,6.0,100.0,18.0,14.0,6.0,3,1512.0,1164.0,0.29896907216494845,0,0,0,0,1,0,0,0,0
esporte_lazer,2.0,3600.0,62.0,23.0,23.0,1,32798.0,32798.0,0.0,0,0,0,0,0,0,0,1,0
construcao_ferramentas_iluminacao,4.0,1450.0,60.0,30.0,5.0,2,9000.0,9000.0,0.0,0,1,0,0,0,0,0,0,0
informatica_acessorios,1.0,900.0,40.0,20.0,15.0,1,12000.0,7906.0,0.5178345560333923,1,1,0,0,0,0,0,0,0
utilidades_domesticas,1.0,1025.0,25.0,25.0,23.0,3,14375.0,14375.0,0.0,0,0,0,0,1,0,0,0,0
informatica_acessorios,1.0,7000.0,57.0,52.0,11.0,1,32604.0,32604.0,0.0,0,0,1,0,0,0,0,0,0
automotivo,4.0,400.0,16.0,11.0,7.0,2,1232.0,1232.0,0.0,0,0,1,0,0,0,0,0,0
relogios_presentes,3.0,300.0,16.0,20.0,2.0,1,640.0,640.0,0.0,0,0,0,0,0,0,0,1,0
cama_mesa_banho,3.0,950.0,26.0,19.0,15.0,1,7410.0,7410.0,0.0,0,0,1,0,0,0,0,0,0
beleza_saude,1.0,1000.0,16.0,13.0,12.0,2,2496.0,2496.0,0.0,0,0,1,0,0,0,0,0,0
esporte_lazer,1.0,867.0,26.0,18.0,15.0,1,7020.0,7020.0,0.0,0,0,0,1,0,0,0,0,0
moveis_escritorio,1.0,5850.0,45.0,16.0,55.0,1,39600.0,39600.0,0.0,0,0,1,0,0,0,0,0,0
cama_mesa_banho,2.0,350.0,16.0,16.0,10.0,3,2560.0,2560.0,0.0,0,0,0,0,0,0,0,1,0
bebes,3.0,18667.0,88.0,67.0,28.0,2,165088.0,165088.0,0.0,0,0,0,0,0,1,0,0,0
beleza_saude,2.0,150.0,16.0,11.0,13.0,1,2288.0,5477.333333333333,0.5822784810126582,1,0,1,0,0,0,0,0,0
pet_shop,17.0,9000.0,33.0,44.0,30.0,3,43560.0,43560.0,0.0,0,0,0,0,0,0,0,1,0
cool_stuff,1.0,300.0,34.0,27.0,5.0,1,4590.0,4590.0,0.0,0,0,1,0,0,0,0,0,0
esporte_lazer,1.0,415.0,19.0,19.0,19.0,1,6859.0,6859.0,0.0,0,0,0,0,0,0,1,0,0
telefonia_fixa,3.0,400.0,20.0,11.0,30.0,2,6600.0,6600.0,0.0,0,0,0,1,0,0,0,0,0
pet_shop,1.0,1500.0,50.0,33.0,30.0,2,49500.0,49500.0,0.0,0,0,0,0,0,0,1,0,0
relogios_presentes,1.0,263.0,18.0,16.0,15.0,1,4320.0,4320.0,0.0,0,0,0,0,0,1,0,0,0
informatica_acessorios,3.0,367.0,16.0,11.0,4.0,3,704.0,704.0,0.0,0,0,0,0,0,0,1,0,0
beleza_saude,1.0,328.0,20.0,18.0,14.0,2,5040.0,5040.0,0.0,0,0,0,0,1,0,0,0,0
relogios_presentes,1.0,300.0,16.0,11.0,11.0,3,1936.0,2573.5,0.24771711676704877,0,1,0,0,0,0,0,0,0
telefonia,5.0,300.0,16.0,11.0,7.0,2,1232.0,1024.0,0.203125,0,0,0,0,0,0,0,0,1
ferramentas_jardim,1.0,700.0,30.0,20.0,10.0,1,6000.0,6000.0,0.0,0,0,0,0,0,0,0,0,1
construcao_ferramentas_jardim,1.0,1450.0,16.0,12.0,16.0,2,3072.0,3072.0,0.0,0,0,0,0,0,0,1,0,0
fashion_bolsas_e_acessorios,5.0,200.0,16.0,11.0,9.0,3,1584.0,1584.0,0.0,0,0,0,0,0,0,0,1,0
cama_mesa_banho,2.0,3950.0,33.0,33.0,14.0,3,15246.0,15246.0,0.0,0,0,0,0,0,0,1,0,0
utilidades_domesticas,2.0,1270.0,17.0,17.0,14.0,1,4046.0,4046.0,0.0,0,0,0,0,0,0,1,0,0
telefonia,1.0,100.0,18.0,11.0,6.0,2,1188.0,858.0,0.38461538461538464,1,1,0,0,0,0,0,0,0
livros_importados,7.0,1300.0,29.0,18.0,9.0,1,4698.0,4698.0,0.0,0,0,0,0,1,0,0,0,0
cama_mesa_banho,1.0,1500.0,20.0,30.0,30.0,3,18000.0,18000.0,0.0,0,0,0,0,0,0,0,1,0
fashion_bolsas_e_acessorios,3.0,100.0,16.0,11.0,5.0,3,880.0,880.0,0.0,0,0,0,0,0,1,0,0,0
perfumaria,1.0,200.0,16.0,11.0,22.0,2,3872.0,3984.0,0.028112449799196786,0,0,0,1,0,0,0,0,0
construcao_ferramentas_construcao,1.0,7100.0,29.0,29.0,8.0,3,6728.0,6728.0,0.0,0,0,0,0,0,0,1,0,0
casa_construcao,1.0,1750.0,30.0,30.0,20.0,3,18000.0,18000.0,0.0,0,0,0,0,0,0,0,1,0
beleza_saude,2.0,452.0,20.0,18.0,11.0,1,3960.0,3960.0,0.0,0,0,0,0,0,0,1,0,0
telefonia,2.0,100.0,19.0,11.0,3.0,1,627.0,627.0,0.0,0,0,1,0,0,0,0,0,0
papelaria,1.0,700.0,45.0,31.0,10.0,3,13950.0,13950.0,0.0,0,0,0,0,0,1,0,0,0
moveis_decoracao,1.0,750.0,20.0,20.0,35.0,3,14000.0,14000.0,0.0,0,1,0,0,0,0,0,0,0
utilidades_domesticas,3.0,30000.0,76.0,51.0,51.0,3,197676.0,197676.0,0.0,0,1,0,0,0,0,0,0,0
esporte_lazer,1.0,400.0,34.0,16.0,16.0,2,8704.0,5452.0,0.5964783565663977,1,0,0,0,0,1,0,0,0
cool_stuff,3.0,130.0,100.0,35.0,25.0,1,87500.0,87500.0,0.0,0,0,0,0,1,0,0,0,0
cool_stuff,1.0,175.0,30.0,25.0,20.0,2,15000.0,15000.0,0.0,0,0,1,0,0,0,0,0,0
perfumaria,2.0,200.0,22.0,11.0,3.0,1,726.0,726.0,0.0,0,1,0,0,0,0,0,0,0
brinquedos,1.0,6084.0,68.0,68.0,14.0,2,64736.0,64736.0,0.0,0,1,0,0,0,0,0,0,0
relogios_presentes,1.0,500.0,16.0,11.0,11.0,3,1936.0,1936.0,0.0,0,0,0,0,0,1,0,0,0
beleza_saude,1.0,700.0,16.0,16.0,16.0,3,4096.0,4914.0,0.16646316646316647,0,0,0,0,0,0,0,1,0
utilidades_domesticas,1.0,600.0,20.0,20.0,7.0,3,2800.0,5168.5,0.4582567476056883,1,1,0,0,0,0,0,0,0
automotivo,2.0,1200.0,19.0,14.0,6.0,3,1596.0,1596.0,0.0,0,0,0,0,1,0,0,0,0
utilidades_domesticas,2.0,950.0,27.0,27.0,30.0,1,21870.0,21870.0,0.0,0,1,0,0,0,0,0,0,0
musica,2.0,783.0,16.0,15.0,8.0,2,1920.0,1920.0,0.0,0,0,0,0,1,0,0,0,0
cool_stuff,1.0,2050.0,42.0,15.0,25.0,1,15750.0,15750.0,0.0,0,0,0,1,0,0,0,0,0
perfumaria,2.0,700.0,20.0,20.0,20.0,2,8000.0,8000.0,0.0,0,0,0,0,1,0,0,0,0
cama_mesa_banho,1.0,2200.0,42.0,36.0,11.0,3,16632.0,28003.5,0.40607424071991,1,0,0,0,0,1,0,0,0
eletronicos,2.0,200.0,20.0,20.0,20.0,2,8000.0,8000.0,0.0,0,0,0,0,0,1,0,0,0
relogios_presentes,2.0,200.0,16.0,11.0,2.0,1,352.0,1144.0,0.6923076923076923,1,0,1,0,0,0,0,0,0
pet_shop,3.0,1300.0,30.0,18.0,10.0,2,5400.0,5400.0,0.0,0,0,0,0,0,1,0,0,0
esporte_lazer,1.0,400.0,22.0,20.0,5.0,2,2200.0,5452.0,0.5964783565663977,1,0,0,0,0,1,0,0,0
informatica_acessorios,1.0,133.0,16.0,15.0,12.0,2,2880.0,2880.0,0.0,0,0,0,0,0,0,0,1,0
consoles_games,1.0,706.0,32.0,38.0,8.0,3,9728.0,9728.0,0.0,0,1,0,0,0,0,0,0,0
esporte_lazer,6.0,1550.0,16.0,16.0,10.0,2,2560.0,2560.0,0.0,0,0,0,0,0,0,0,0,1
market_place,3.0,775.0,35.0,15.0,9.0,1,4725.0,4725.0,0.0,0,0,0,0,0,0,0,1,0
moveis_cozinha_area_de_servico_jantar_e_jardim,1.0,10893.0,33.0,44.0,88.0,1,127776.0,127776.0,0.0,0,0,1,0,0,0,0,0,0
moveis_decoracao,2.0,800.0,68.0,13.0,8.0,2,7072.0,6976.0,0.013761467889908258,0,0,0,0,0,0,1,0,0
artigos_de_festas,6.0,4500.0,102.0,12.0,12.0,3,14688.0,14688.0,0.0,0,0,0,0,0,0,0,1,0
bebes,2.0,8200.0,40.0,35.0,35.0,3,49000.0,49000.0,0.0,0,0,0,0,1,0,0,0,0
fashion_bolsas_e_acessorios,2.0,150.0,16.0,11.0,9.0,2,1584.0,1584.0,0.0,0,0,0,0,0,0,0,0,1
malas_acessorios,1.0,1000.0,35.0,34.0,10.0,3,11900.0,11900.0,0.0,0,0,0,0,0,1,0,0,0
cama_mesa_banho,1.0,4850.0,75.0,50.0,5.0,2,18750.0,18750.0,0.0,0,1,0,0,0,0,0,0,0
brinquedos,1.0,400.0,30.0,20.0,10.0,2,6000.0,7525.0,0.2026578073089701,0,0,0,0,1,0,0,0,0
telefonia_fixa,2.0,100.0,16.0,16.0,16.0,1,4096.0,4096.0,0.0,0,0,0,0,1,0,0,0,0
industria_comercio_e_negocios,2.0,7225.0,16.0,25.0,103.0,2,41200.0,41200.0,0.0,0,0,0,0,0,1,0,0,0
malas_acessorios,1.0,700.0,19.0,35.0,48.0,3,31920.0,18490.0,0.7263385613845322,1,0,0,0,0,0,0,0,1
cama_mesa_banho,1.0,1200.0,35.0,30.0,3.0,1,3150.0,6095.5,0.48322533016159464,1,0,0,1,0,0,0,0,0
consoles_games,3.0,250.0,21.0,15.0,7.0,2,2205.0,2205.0,0.0,0,0,0,0,1,0,0,0,0
moveis_sala,2.0,7750.0,33.0,33.0,25.0,2,27225.0,27225.0,0.0,0,0,0,0,0,0,1,0,0
fashion_bolsas_e_acessorios,4.0,200.0,16.0,11.0,9.0,1,1584.0,1584.0,0.0,0,1,0,0,0,0,0,0,0
beleza_saude,1.0,750.0,16.0,16.0,16.0,1,4096.0,4096.0,0.0,0,0,0,0,0,1,0,0,0
beleza_saude,1.0,175.0,18.0,16.0,22.0,1,6336.0,6336.0,0.0,0,0,0,0,0,0,1,0,0
cool_stuff,3.0,15350.0,47.0,47.0,40.0,3,88360.0,88360.0,0.0,0,0,0,1,0,0,0,0,0
beleza_saude,2.0,400.0,18.0,18.0,18.0,3,5832.0,5832.0,0.0,0,0,0,0,0,0,0,0,1
esporte_lazer,1.0,150.0,16.0,11.0,16.0,3,2816.0,1878.6666666666667,0.4989354151880766,1,0,0,0,1,0,0,0,0
relogios_presentes,1.0,650.0,13.0,12.0,11.0,3,1716.0,1716.0,0.0,0,0,0,0,0,1,0,0,0
cama_mesa_banho,1.0,1750.0,30.0,30.0,18.0,3,16200.0,16200.0,0.0,0,0,0,0,0,0,0,1,0
papelaria,1.0,100.0,16.0,16.0,5.0,1,1280.0,1280.0,0.0,0,0,0,0,0,0,0,0,1
telefonia,1.0,150.0,19.0,11.0,3.0,3,627.0,627.0,0.0,0,0,0,1,0,0,0,0,0
cama_mesa_banho,2.0,1350.0,50.0,11.0,11.0,3,6050.0,6050.0,0.0,0,0,0,0,0,0,0,0,1
beleza_saude,1.0,1600.0,20.0,20.0,20.0,3,8000.0,8000.0,0.0,0,0,0,0,0,1,0,0,0
cama_mesa_banho,1.0,4200.0,34.0,38.0,10.0,1,12920.0,12920.0,0.0,0,0,0,0,0,0,1,0,0
eletronicos,5.0,750.0,21.0,14.0,10.0,2,2940.0,2940.0,0.0,0,0,0,0,0,0,0,0,1
utilidades_domesticas,4.0,950.0,21.0,21.0,27.0,3,11907.0,11907.0,0.0,0,0,0,1,0,0,0,0,0
moveis_decoracao,1.0,450.0,35.0,11.0,35.0,2,13475.0,13475.0,0.0,0,0,1,0,0,0,0,0,0
cama_mesa_banho,1.0,1200.0,16.0,11.0,22.0,1,3872.0,6095.5,0.36477729472561726,1,0,0,1,0,0,0,0,0
fashion_bolsas_e_acessorios,4.0,750.0,36.0,36.0,18.0,1,23328.0,23328.0,0.0,0,0,0,1,0,0,0,0,0
esporte_lazer,4.0,400.0,16.0,11.0,4.0,3,704.0,704.0,0.0,0,1,0,0,0,0,0,0,0
cama_mesa_banho,2.0,1550.0,43.0,33.0,8.0,2,11352.0,11352.0,0.0,0,0,0,0,0,0,0,1,0
utilidades_domesticas,1.0,550.0,16.0,12.0,25.0,3,4800.0,4800.0,0.0,0,0,0,0,1,0,0,0,0
moveis_decoracao,4.0,5250.0,66.0,33.0,15.0,1,32670.0,32670.0,0.0,0,0,0,0,1,0,0,0,0
relogios_presentes,2.0,253.0,18.0,13.0,11.0,3,2574.0,2574.0,0.0,0,0,0,0,0,0,0,0,1
utilidades_domesticas,1.0,22050.0,55.0,60.0,40.0,2,132000.0,132000.0,0.0,0,0,0,0,0,1,0,0,0
moveis_decoracao,1.0,400.0,40.0,40.0,15.0,3,24000.0,11970.666666666666,1.0049008687903767,1,0,0,0,0,1,0,0,0
utilidades_domesticas,2.0,553.0,18.0,15.0,9.0,1,2430.0,2430.0,0.0,0,0,1,0,0,0,0,0,0
relogios_presentes,3.0,584.0,16.0,13.0,11.0,3,2288.0,2288.0,0.0,0,0,0,0,1,0,0,0,0
construcao_ferramentas_ferramentas,1.0,450.0,20.0,11.0,2.0,2,440.0,440.0,0.0,0,1,0,0,0,0,0,0,0
sinalizacao_e_seguranca,1.0,450.0,16.0,16.0,5.0,1,1280.0,1280.0,0.0,0,0,0,0,0,0,1,0,0
telefonia,3.0,150.0,21.0,14.0,7.0,3,2058.0,2058.0,0.0,0,0,0,0,0,0,1,0,0
telefonia_fixa,1.0,99.0,22.0,16.0,3.0,3,1056.0,1056.0,0.0,0,1,0,0,0,0,0,0,0
utilidades_domesticas,1.0,3900.0,19.0,15.0,20.0,3,5700.0,5700.0,0.0,0,1,0,0,0,0,0,0,0
eletrodomesticos,1.0,150.0,20.0,15.0,13.0,1,3900.0,3913.0,0.0033222591362126247,0,1,0,0,0,0,0,0,0
telefonia,2.0,150.0,20.0,12.0,5.0,2,1200.0,952.0,0.2605042016806723,0,1,0,0,0,0,0,0,0
papelaria,1.0,400.0,25.0,17.0,10.0,1,4250.0,4250.0,0.0,0,1,0,0,0,0,0,0,0
papelaria,2.0,1000.0,27.0,20.0,10.0,2,5400.0,5400.0,0.0,0,0,0,0,0,0,0,1,0
informatica_acessorios,4.0,200.0,16.0,14.0,4.0,1,896.0,4448.0,0.7985611510791367,1,1,0,0,0,0,0,0,0
beleza_saude,1.0,667.0,17.0,16.0,16.0,2,4352.0,4352.0,0.0,0,0,1,0,0,0,0,0,0
telefonia,2.0,500.0,16.0,11.0,15.0,1,2640.0,2640.0,0.0,0,0,0,1,0,0,0,0,0
fashion_bolsas_e_acessorios,1.0,100.0,17.0,12.0,3.0,2,612.0,834.6666666666666,0.2667731629392971,0,0,0,0,0,0,0,1,0
utilidades_domesticas,1.0,900.0,21.0,34.0,34.0,3,24276.0,18388.0,0.32020883184685667,1,0,0,0,0,1,0,0,0
pet_shop,1.0,300.0,16.0,11.0,4.0,1,704.0,2400.0,0.7066666666666667,1,0,1,0,0,0,0,0,0
relogios_presentes,2.0,300.0,16.0,11.0,11.0,2,1936.0,1936.0,0.0,0,0,0,0,0,0,0,1,0
informatica_acessorios,2.0,100.0,16.0,11.0,8.0,2,1408.0,2090.0,0.3263157894736842,1,0,0,1,0,0,0,0,0
construcao_ferramentas_construcao,3.0,2700.0,16.0,11.0,11.0,3,1936.0,1936.0,0.0,0,0,0,0,1,0,0,0,0
utilidades_domesticas,1.0,600.0,28.0,17.0,18.0,1,8568.0,5168.5,0.6577343523265938,1,1,0,0,0,0,0,0,0
moveis_decoracao,2.0,3000.0,69.0,11.0,11.0,3,8349.0,8349.0,0.0,0,0,0,1,0,0,0,0,0
cama_mesa_banho,1.0,1950.0,58.0,46.0,15.0,2,40020.0,40020.0,0.0,0,0,0,0,0,0,0,0,1
bebes,2.0,8300.0,45.0,45.0,25.0,2,50625.0,50625.0,0.0,0,0,0,0,0,0,0,0,1
fashion_bolsas_e_acessorios,1.0,200.0,16.0,11.0,2.0,3,352.0,409.6,0.14062500000000006,0,0,0,0,1,0,0,0,0
utilidades_domesticas,1.0,400.0,16.0,12.0,9.0,2,1728.0,2008.3333333333333,0.13958506224066386,0,0,0,0,1,0,0,0,0
eletrodomesticos,10.0,5500.0,29.0,25.0,37.0,1,26825.0,26825.0,0.0,0,0,0,0,0,0,0,0,1
livros_tecnicos,1.0,450.0,29.0,17.0,2.0,3,986.0,986.0,0.0,0,0,0,1,0,0,0,0,0
brinquedos,1.0,10550.0,65.0,45.0,7.0,3,20475.0,20475.0,0.0,0,0,0,1,0,0,0,0,0
esporte_lazer,1.0,1000.0,20.0,14.0,20.0,2,5600.0,6800.0,0.17647058823529413,0,0,0,0,0,0,0,0,1
brinquedos,1.0,400.0,35.0,35.0,7.0,2,8575.0,7525.0,0.13953488372093023,0,0,0,0,1,0,0,0,0
utilidades_domesticas,1.0,2600.0,16.0,41.0,41.0,3,26896.0,26896.0,0.0,0,0,0,0,0,0,0,0,1
construcao_ferramentas_construcao,4.0,6250.0,55.0,44.0,14.0,1,33880.0,33880.0,0.0,0,0,1,0,0,0,0,0,0
